,Compound,Date,Negative,Neutral,Positive,Tweet,Tweets Ago,User
0,0.0,Fri Mar 23 19:07:00 +0000 2018,1.0,0.0,0.0,"RT @BBCOne: .@GaryLineker, @OreOduba, @ThisisDavina &amp; more kick off the biggest ever night of #SportRelief now on @bbcone. @sportrelief 
Fo‚Ä¶",1,BBC
1,-0.296,Fri Mar 23 18:03:04 +0000 2018,0.864,0.136,0.0,From @taylorswift13 to @Beyonce: these are the secretive musicians who avoid interviews. üé§ü§ê https://t.co/nqOmaVMzoo https://t.co/sbDga7L5cp,2,BBC
2,0.0,Fri Mar 23 17:33:03 +0000 2018,1.0,0.0,0.0,"Tonight, @GaryLineker, @ThisisDavina and @OreOduba kick off the biggest ever night of @sportrelief! Ô∏è‚öΩÔ∏è‚ú®üö¥üéâ‚Ä¶ https://t.co/tgbpC76heP",3,BBC
3,0.0,Fri Mar 23 17:02:01 +0000 2018,1.0,0.0,0.0,"Your week, as told by @louistheroux. üìÜüòÇ
https://t.co/Ae6bDBpIBW",4,BBC
4,0.0,Fri Mar 23 16:27:45 +0000 2018,1.0,0.0,0.0,"RT @BBCWales: A #DanceForParkinsons session with @ndcwales for @GetCreativeUK in #Cardiff this week 

Find out what‚Äôs happening on the fina‚Ä¶",5,BBC
5,0.7783,Fri Mar 23 16:00:12 +0000 2018,0.714,0.0,0.286,"Meet Australian maths teacher Eddie Woo, who has won fans worldwide with his high-energy lessons, posted on YouTube‚Ä¶ https://t.co/vTfNDZzA3b",6,BBC
6,-0.4479,Fri Mar 23 14:33:40 +0000 2018,0.828,0.172,0.0,"RT @BBCOne: No @andy_murray, this is not a dream. @GeriHalliwell really IS in your bedroom making you sing Spice Girls songs üé§

@sportrelie‚Ä¶",7,BBC
7,0.5994,Fri Mar 23 14:03:08 +0000 2018,0.813,0.0,0.187,These beautiful photographs reveal how refugees in Tyneside have turned to the healing powers of gardening. üåøüì∏‚Ä¶ https://t.co/2gq0t9FnIR,8,BBC
8,-0.4767,Fri Mar 23 14:00:02 +0000 2018,0.871,0.129,0.0,"How would you react if you woke up and found Michael McIntyre and Peppa Pig in your bedroom? 

Poor @AndyMurray‚Ä¶

S‚Ä¶ https://t.co/7ZP0hUYeKr",9,BBC
9,0.6114,Fri Mar 23 13:33:04 +0000 2018,0.8,0.0,0.2,Spring is here! üå±üå∏ü•¶ Make the most of seasonal ingredients with these delicious soup recipes. https://t.co/fXp7eJXoJc https://t.co/hA1b2bdSrd,10,BBC
10,0.4939,Fri Mar 23 13:03:02 +0000 2018,0.741,0.0,0.259,"Want to get creative this weekend? Here's how to make a hooky rug. 
#MakeCraftBritain 
https://t.co/uqibyP09s7",11,BBC
11,0.0,Fri Mar 23 11:42:55 +0000 2018,1.0,0.0,0.0,RT @BBCSport: He was one of English football's first black players and the British Army's first ever black officer to command white troops.‚Ä¶,12,BBC
12,-0.2006,Fri Mar 23 11:42:51 +0000 2018,0.754,0.139,0.107,RT @BBCRadio2: üëª ‚ÄúI thought the script was really frightening and original.‚Äù Martin Freeman chats to @achrisevans about his creepy new film‚Ä¶,13,BBC
13,0.0,Fri Mar 23 11:42:48 +0000 2018,1.0,0.0,0.0,RT @BBCTwo: Our entire weekend plans. üò¥üëá #BigCatsAboutTheHouse https://t.co/vl0zUcCdmI,14,BBC
14,0.3612,Fri Mar 23 11:42:43 +0000 2018,0.872,0.0,0.128,"RT @sportrelief: It looks like #TeamGryffindor are storming ahead in the #HogwartsLeague in the #SportRelief app. 

#TeamHufflepuff, #TeamS‚Ä¶",15,BBC
15,0.2648,Fri Mar 23 11:30:05 +0000 2018,0.897,0.0,0.103,‚òïÔ∏èüç∞Some blueberry muffins sold by cafes and supermarkets contain more than the recommended daily intake of sugar fo‚Ä¶ https://t.co/9bh6K8aMH2,16,BBC
16,-0.6016,Fri Mar 23 10:33:01 +0000 2018,0.813,0.187,0.0,"Friday night is CELEBRITY FIGHT NIGHT! ü•äü•ä

Who'll be victorious? Tune in to #SportRelief to find out!

https://t.co/9ZhgNGmxOD",17,BBC
17,0.8555,Fri Mar 23 10:03:03 +0000 2018,0.657,0.0,0.343,"Scrolling through headlines, the world can feel like a pretty dark place. So here are nine reasons to be happy. üòä üéâ‚Ä¶ https://t.co/KrNoB0qaqC",18,BBC
18,0.765,Fri Mar 23 09:30:03 +0000 2018,0.583,0.0,0.417,"Would you want secret helpers like these to help you out in nerve-wracking situations? #TheSecretHelpers 
https://t.co/ua2X4vxKR3",19,BBC
19,0.0,Fri Mar 23 08:33:01 +0000 2018,1.0,0.0,0.0,"Meet the first polar bear cub to be born in the UK in 25 years. üòç
https://t.co/njq1r6eONE",20,BBC
20,0.0,Fri Mar 23 19:07:00 +0000 2018,1.0,0.0,0.0,"RT @BBCOne: .@GaryLineker, @OreOduba, @ThisisDavina &amp; more kick off the biggest ever night of #SportRelief now on @bbcone. @sportrelief 
Fo‚Ä¶",21,BBC
21,-0.296,Fri Mar 23 18:03:04 +0000 2018,0.864,0.136,0.0,From @taylorswift13 to @Beyonce: these are the secretive musicians who avoid interviews. üé§ü§ê https://t.co/nqOmaVMzoo https://t.co/sbDga7L5cp,22,BBC
22,0.0,Fri Mar 23 17:33:03 +0000 2018,1.0,0.0,0.0,"Tonight, @GaryLineker, @ThisisDavina and @OreOduba kick off the biggest ever night of @sportrelief! Ô∏è‚öΩÔ∏è‚ú®üö¥üéâ‚Ä¶ https://t.co/tgbpC76heP",23,BBC
23,0.0,Fri Mar 23 17:02:01 +0000 2018,1.0,0.0,0.0,"Your week, as told by @louistheroux. üìÜüòÇ
https://t.co/Ae6bDBpIBW",24,BBC
24,0.0,Fri Mar 23 16:27:45 +0000 2018,1.0,0.0,0.0,"RT @BBCWales: A #DanceForParkinsons session with @ndcwales for @GetCreativeUK in #Cardiff this week 

Find out what‚Äôs happening on the fina‚Ä¶",25,BBC
25,0.7783,Fri Mar 23 16:00:12 +0000 2018,0.714,0.0,0.286,"Meet Australian maths teacher Eddie Woo, who has won fans worldwide with his high-energy lessons, posted on YouTube‚Ä¶ https://t.co/vTfNDZzA3b",26,BBC
26,-0.4479,Fri Mar 23 14:33:40 +0000 2018,0.828,0.172,0.0,"RT @BBCOne: No @andy_murray, this is not a dream. @GeriHalliwell really IS in your bedroom making you sing Spice Girls songs üé§

@sportrelie‚Ä¶",27,BBC
27,0.5994,Fri Mar 23 14:03:08 +0000 2018,0.813,0.0,0.187,These beautiful photographs reveal how refugees in Tyneside have turned to the healing powers of gardening. üåøüì∏‚Ä¶ https://t.co/2gq0t9FnIR,28,BBC
28,-0.4767,Fri Mar 23 14:00:02 +0000 2018,0.871,0.129,0.0,"How would you react if you woke up and found Michael McIntyre and Peppa Pig in your bedroom? 

Poor @AndyMurray‚Ä¶

S‚Ä¶ https://t.co/7ZP0hUYeKr",29,BBC
29,0.6114,Fri Mar 23 13:33:04 +0000 2018,0.8,0.0,0.2,Spring is here! üå±üå∏ü•¶ Make the most of seasonal ingredients with these delicious soup recipes. https://t.co/fXp7eJXoJc https://t.co/hA1b2bdSrd,30,BBC
30,0.4939,Fri Mar 23 13:03:02 +0000 2018,0.741,0.0,0.259,"Want to get creative this weekend? Here's how to make a hooky rug. 
#MakeCraftBritain 
https://t.co/uqibyP09s7",31,BBC
31,0.0,Fri Mar 23 11:42:55 +0000 2018,1.0,0.0,0.0,RT @BBCSport: He was one of English football's first black players and the British Army's first ever black officer to command white troops.‚Ä¶,32,BBC
32,-0.2006,Fri Mar 23 11:42:51 +0000 2018,0.754,0.139,0.107,RT @BBCRadio2: üëª ‚ÄúI thought the script was really frightening and original.‚Äù Martin Freeman chats to @achrisevans about his creepy new film‚Ä¶,33,BBC
33,0.0,Fri Mar 23 11:42:48 +0000 2018,1.0,0.0,0.0,RT @BBCTwo: Our entire weekend plans. üò¥üëá #BigCatsAboutTheHouse https://t.co/vl0zUcCdmI,34,BBC
34,0.3612,Fri Mar 23 11:42:43 +0000 2018,0.872,0.0,0.128,"RT @sportrelief: It looks like #TeamGryffindor are storming ahead in the #HogwartsLeague in the #SportRelief app. 

#TeamHufflepuff, #TeamS‚Ä¶",35,BBC
35,0.2648,Fri Mar 23 11:30:05 +0000 2018,0.897,0.0,0.103,‚òïÔ∏èüç∞Some blueberry muffins sold by cafes and supermarkets contain more than the recommended daily intake of sugar fo‚Ä¶ https://t.co/9bh6K8aMH2,36,BBC
36,-0.6016,Fri Mar 23 10:33:01 +0000 2018,0.813,0.187,0.0,"Friday night is CELEBRITY FIGHT NIGHT! ü•äü•ä

Who'll be victorious? Tune in to #SportRelief to find out!

https://t.co/9ZhgNGmxOD",37,BBC
37,0.8555,Fri Mar 23 10:03:03 +0000 2018,0.657,0.0,0.343,"Scrolling through headlines, the world can feel like a pretty dark place. So here are nine reasons to be happy. üòä üéâ‚Ä¶ https://t.co/KrNoB0qaqC",38,BBC
38,0.765,Fri Mar 23 09:30:03 +0000 2018,0.583,0.0,0.417,"Would you want secret helpers like these to help you out in nerve-wracking situations? #TheSecretHelpers 
https://t.co/ua2X4vxKR3",39,BBC
39,0.0,Fri Mar 23 08:33:01 +0000 2018,1.0,0.0,0.0,"Meet the first polar bear cub to be born in the UK in 25 years. üòç
https://t.co/njq1r6eONE",40,BBC
40,0.1511,Thu Mar 22 21:39:27 +0000 2018,0.85,0.0,0.15,"RT @BBCOne: All hail queen Kat! üôåüëë 

#EastEnders @BBCEastenders https://t.co/PLmAc53L6t",41,BBC
41,0.2732,Thu Mar 22 21:30:01 +0000 2018,0.884,0.0,0.116,"Istanbul's Blue Mosque looks spectacular. @wmarybeard looks at the art, meaning and significance of calligraphy the‚Ä¶ https://t.co/Mv3voUkcvc",42,BBC
42,0.0,Thu Mar 22 21:20:05 +0000 2018,1.0,0.0,0.0,üñã The artist reimagining Islamic calligraphy for the 21st Century: https://t.co/wgbVwZLDEa #Civilisations https://t.co/nxW6Sokjdn,43,BBC
43,-0.6486,Thu Mar 22 20:30:01 +0000 2018,0.798,0.202,0.0,"In 1918, the very first signs of the Spanish Flu pandemic were kept under wraps. So how did the deadly illness get‚Ä¶ https://t.co/zuZryXLihL",44,BBC
44,0.0,Thu Mar 22 19:04:04 +0000 2018,1.0,0.0,0.0,Go behind-the-scenes at @TheBigCatSanct where expert Giles Clark is hand-rearing a jaguar cub. üêæ‚Ä¶ https://t.co/0hDQP6X1wA,45,BBC
45,0.0516,Thu Mar 22 18:30:09 +0000 2018,0.625,0.159,0.216,"Tai chi has been recommended to help people with the chronic pain condition fibromyalgia. 

https://t.co/uYDlKfWbt7 https://t.co/Y7P9ceP82j",46,BBC
46,-0.25,Thu Mar 22 17:33:04 +0000 2018,0.917,0.083,0.0,"The cost of living alone, rather than living as a couple, is more than ¬£1000 a year. üíîüè†

This is the price of being‚Ä¶ https://t.co/udzI9xGci6",47,BBC
47,0.0,Thu Mar 22 17:03:54 +0000 2018,1.0,0.0,0.0,.@ManUtd have applied to have a professional women's team. ‚öΩÔ∏è https://t.co/rxzdRsDhUd https://t.co/meO65NRCtm,48,BBC
48,0.128,Thu Mar 22 17:03:05 +0000 2018,0.795,0.092,0.113,"Worried about your impact on the planet? üåçüíö

This is how to make your next holiday more eco-friendly. ‚ôªÔ∏èüå¥

üëâ‚Ä¶ https://t.co/wCmDZJledV",49,BBC
49,-0.4753,Thu Mar 22 16:04:06 +0000 2018,0.872,0.128,0.0,"Think twice before you throw your kitchen waste in the bin! Here's how to grow plants from kitchen scraps. ü•ïü•îüçé

üëâ‚Ä¶ https://t.co/MMgrC8yseG",50,BBC
50,0.4184,Thu Mar 22 15:00:43 +0000 2018,0.859,0.0,0.141,"RT @mixital: üó°Ô∏èNew #DoctorWho writing challenge!üó°Ô∏è
Write a story featuring Rory Williams! Share it with us here: https://t.co/zW42ZnvJnc

#‚Ä¶",51,BBC
51,-0.9168,Thu Mar 22 15:00:01 +0000 2018,0.615,0.385,0.0,"Could you name the disaster that killed the most people in the last 100 years?

Contagion! The BBC Four Pandemic |‚Ä¶ https://t.co/10zHfD8PHT",52,BBC
52,0.6705,Thu Mar 22 14:30:10 +0000 2018,0.594,0.1,0.306,"üé∂Some musicians love doing them, others don‚Äôt.

Seven secretive musicians who like to avoid interviews:‚Ä¶ https://t.co/7Rm55Ddynj",53,BBC
53,0.4215,Thu Mar 22 13:53:48 +0000 2018,0.882,0.0,0.118,"RT @BBCEarth: Today is #WorldWaterDay. This teen has an ingenious way to test the safety of water around the world 
@BBC_Future https://t.c‚Ä¶",54,BBC
54,-0.4767,Thu Mar 22 13:33:04 +0000 2018,0.871,0.129,0.0,"Has @chrishughes_22 read any of his own book? üòÇü§¶

Here's what he confessed when he took on @BBCR1's fake lie detect‚Ä¶ https://t.co/tVaKesbKQ1",55,BBC
55,0.0,Thu Mar 22 13:14:13 +0000 2018,1.0,0.0,0.0,Secret Universe: The Hidden Life of the Cell is on @BBCFOUR tonight at 8pm. üî¨ https://t.co/PVf4thZOb3,56,BBC
56,-0.7184,Thu Mar 22 13:02:00 +0000 2018,0.76,0.24,0.0,A battle is raging in your body right now. This is how the TRIM 21 protein defends your cells from viruses. https://t.co/XUAPbRS4j5,57,BBC
57,-0.4404,Thu Mar 22 12:30:10 +0000 2018,0.868,0.132,0.0,"üé∂üé§Footloose, Fleetwood Mac's Rumours and Le Freak are among the classic records about to enter the US National Reco‚Ä¶ https://t.co/gDLNOmNLhY",58,BBC
58,0.5423,Thu Mar 22 11:30:17 +0000 2018,0.811,0.0,0.189,"Meet the five artists who have been shortlisted for the ¬£30,000 Hepworth sculpture award. https://t.co/1UGe2zQlDT https://t.co/MwWxUZWAhs",59,BBC
59,0.0,Thu Mar 22 10:58:34 +0000 2018,1.0,0.0,0.0,"RT @bbcwritersroom: Check out an interview with the #writer of #TheAssassinationofGianniVersace @tomrobsmith on our blog
https://t.co/m5rty‚Ä¶",60,BBC
60,-0.5994,Thu Mar 22 10:49:54 +0000 2018,0.755,0.245,0.0,RT @bbcthree: 'I was the only female in a violent all-male gang' https://t.co/NjF720J71M https://t.co/k7T0PqyuiG,61,BBC
61,-0.296,Thu Mar 22 10:30:09 +0000 2018,0.784,0.216,0.0,üì±Can social media stop you getting a job? https://t.co/M9uTa8vMHA https://t.co/LwXJCGgW0b,62,BBC
62,0.0,Thu Mar 22 09:54:21 +0000 2018,1.0,0.0,0.0,RT @bbcpress: 50 classic cookery shows served up on @BBCiPlayer this Easter: https://t.co/RbyjFq6Dsj https://t.co/Hvt1m1dhpU,63,BBC
63,0.0,Thu Mar 22 09:33:03 +0000 2018,1.0,0.0,0.0,"Come on, who doesn't say ""xylophone"" on a daily basis? üòÇüìö@daraobriain #LiveAtTheApollo

https://t.co/5k1yKuwpzA",64,BBC
64,-0.3612,Thu Mar 22 08:33:02 +0000 2018,0.815,0.185,0.0,"Tantrums are inevitable... üòæüò≥This is how you raise a baby jaguar. #BigCatsAboutTheHouse

https://t.co/4mBf6xmvOr",65,BBC
65,0.0,Wed Mar 21 20:56:41 +0000 2018,1.0,0.0,0.0,"RT @BBCSport: John Bishop‚Äôs on a one man mission to World Cup victory for @SportRelief!

Keep an eye out here for Geoff Hurst's 'dab' üò≥ü§£üôå‚Ä¶",66,BBC
66,-0.1154,Wed Mar 21 20:51:06 +0000 2018,0.921,0.079,0.0,"""I felt vulnerable but now I feel empowered.‚Äù

25-year-old rapper Paigey Cakey had a hair transplant after her hair‚Ä¶ https://t.co/fGoueTbzyQ",67,BBC
67,0.0,Wed Mar 21 20:03:04 +0000 2018,1.0,0.0,0.0,"Watch as @ZoeTheBall attempts to cycle over 300 miles, to raise awareness about mental health and raise money for‚Ä¶ https://t.co/qGcCT8wLSt",68,BBC
68,-0.5994,Wed Mar 21 19:03:04 +0000 2018,0.837,0.163,0.0,"Who were my parents - and why was I left on a hillside to die? 

After a life full of questions, Anthea finally has‚Ä¶ https://t.co/5fEma0vgfw",69,BBC
69,0.4249,Wed Mar 21 17:03:04 +0000 2018,0.865,0.0,0.135,"üòçüç´You really can't go wrong with a recipe from Mary Berry. 

‚ù§Ô∏èÔ∏èüç∞ Here are some of @BBCFood's favourites. üëâ‚Ä¶ https://t.co/svyK73KV0o",70,BBC
70,0.4939,Wed Mar 21 16:30:07 +0000 2018,0.868,0.0,0.132,"Is it too late to save the oceans from plastic? ü¶à

Go behind the scenes of the documentary Sir David Attenborough c‚Ä¶ https://t.co/SjXbB6OZAN",71,BBC
71,0.4019,Wed Mar 21 16:29:54 +0000 2018,0.886,0.0,0.114,"RT @bbcmusic: Anne-Marie, Kylie Minogue, Ladysmith Black Mambazo and more have been added to the lineup for The Queen's Birthday Party conc‚Ä¶",72,BBC
72,0.0,Wed Mar 21 15:59:03 +0000 2018,1.0,0.0,0.0,"Fictional locations such as Narnia, Gotham City and Neverland have mysteriously appeared on road signs in Oxfordshi‚Ä¶ https://t.co/3NzQqfNNux",73,BBC
73,-0.0516,Wed Mar 21 14:03:03 +0000 2018,0.946,0.054,0.0,"üé∂ Did you know that @DBtodomundo was asked to leave his school choir? 

üìª Here are 11 things we learned from the Ta‚Ä¶ https://t.co/tusEZQgIbG",74,BBC
74,0.0,Wed Mar 21 13:30:02 +0000 2018,1.0,0.0,0.0,What did students think when the BBC transported them to places they never thought possible? #ForReal‚Ä¶ https://t.co/KFgZaE3PXi,75,BBC
75,0.0,Wed Mar 21 13:03:01 +0000 2018,1.0,0.0,0.0,"Almost 1,000 sausage dogs have taken part in a dachshund dash! üê∂‚ù§Ô∏èÔ∏èüêæ

https://t.co/SMYaziJUrq",76,BBC
76,0.1779,Wed Mar 21 12:33:01 +0000 2018,0.909,0.0,0.091,"Ruben is a star of @cbbc's #TheDumpingGround and has Down's Syndrome.

Growing up with a disability could have been‚Ä¶ https://t.co/lNo1Pa2wTu",77,BBC
77,0.8271,Wed Mar 21 11:46:05 +0000 2018,0.661,0.0,0.339,The annual Marmalade Festival held at the weekend is one of the UK's many festivals dedicated solely to a particula‚Ä¶ https://t.co/I75Ufx17Gq,78,BBC
78,0.0,Wed Mar 21 11:03:01 +0000 2018,1.0,0.0,0.0,"Spring has officially sprung! üå∫üå∑üå∏üå±üåª

https://t.co/fAZSeVV8Oo",79,BBC
79,0.4003,Wed Mar 21 10:03:03 +0000 2018,0.856,0.0,0.144,"""I've just had a haircut so I now look ninety-nine-and-a-half!"" üíÅüéâ‚ù§Ô∏èÔ∏è

A 100-year-old called Sadie has shared the s‚Ä¶ https://t.co/X9QbWw0Ey0",80,BBC
80,0.0,Wed Mar 21 09:58:25 +0000 2018,1.0,0.0,0.0,"RT @BBC_Teach: On #WorldPoetryDay let us know which your class‚Äô favourite poem and/or poet?

Is it one of these? üëáüëâ¬†https://t.co/qtn7IPXDFH‚Ä¶",81,BBC
81,0.34,Wed Mar 21 09:58:01 +0000 2018,0.776,0.082,0.142,RT @bbcthree: This inspirational teacher overcame his stammer and is now showing his students how to do the same. https://t.co/JMAWR0conA,82,BBC
82,0.7845,Wed Mar 21 09:57:49 +0000 2018,0.566,0.0,0.434,RT @bbcthree: This Country winning their 3rd award üèÜüèÜüèÜ #RTSAwards https://t.co/oBdg1KruHK,83,BBC
83,0.5994,Wed Mar 21 09:57:28 +0000 2018,0.837,0.0,0.163,"RT @bbcpress: Four new dramas announced for @BBCOne from writers Marnie Dickens (#Thirteen), Levi David Addai (#Damilola, Our Loved Boy), B‚Ä¶",84,BBC
84,0.4574,Wed Mar 21 09:57:09 +0000 2018,0.885,0.0,0.115,RT @BBCOne: #EastEnders is back on Thursday with a special double bill at 7.30pm and 9pm on @BBCOne! And you know what that means‚Ä¶ https://‚Ä¶,85,BBC
85,0.7125,Wed Mar 21 09:33:01 +0000 2018,0.709,0.0,0.291,"‚õàüå§üòÇ @AlanCarr responds to those weather forecasters that LOVE a bit of drama. 
https://t.co/T9gpTdqDt3",86,BBC
86,0.0,Wed Mar 21 09:03:05 +0000 2018,1.0,0.0,0.0,"üåªüåªüåª Did you know that the head of a sunflower is built of up to 2000 flowers? 

üìªüëâ https://t.co/aIWLu7AQES https://t.co/gNmcaG1ri5",87,BBC
87,0.9336,Wed Mar 21 08:02:03 +0000 2018,0.438,0.0,0.562,"Wow! 19-year-old Justice Osei from Ghana has an amazing talent for imitating animals. üêäüê¢üêíü¶áüêáüêøüêìüêëüê∏ü¶Üü¶é
https://t.co/UZqeSyzsQB",88,BBC
88,0.0,Tue Mar 20 19:48:04 +0000 2018,1.0,0.0,0.0,"This #WorldFrogDay, why not try making an origami jumping frog with @BBCTaster's step-by-step tutorial? üê∏‚Ä¶ https://t.co/jjMqUND883",89,BBC
89,0.0,Tue Mar 20 19:03:04 +0000 2018,1.0,0.0,0.0,"Michael Portillo travels across India guided by Bradshaw's 1913 Handbook of Indian, Foreign and Colonial Travel. üáÆüá≥‚Ä¶ https://t.co/4WG0esDk8m",90,BBC
90,-0.3859,Tue Mar 20 18:33:01 +0000 2018,0.768,0.16,0.071,"Can you watch this without laughing? üòπüîä You'll want your sound on for this! #InternationalDayOfHappiness

https://t.co/vA5yr0PCC5",91,BBC
91,0.34,Tue Mar 20 17:33:03 +0000 2018,0.738,0.102,0.16,"Professor Stephen Hawking's funeral will take place in Cambridge - ""the city that he loved so much and which loved‚Ä¶ https://t.co/LHh0Nfeh6U",92,BBC
92,0.0,Tue Mar 20 17:03:01 +0000 2018,1.0,0.0,0.0,"Un-bee-lievable! üêùüòç Meet the woman who kept a bee as a pet. 
https://t.co/5zRxWpSGOH",93,BBC
93,0.0,Tue Mar 20 16:05:04 +0000 2018,1.0,0.0,0.0,"Arise, Sir Ringo! üéñüé∂@thebeatles drummer @ringostarrmusic has been knighted for his services to music.‚Ä¶ https://t.co/OQLixgO2Zi",94,BBC
94,0.0,Tue Mar 20 15:33:03 +0000 2018,1.0,0.0,0.0,The first polar bear cub to be born in the UK for 25 years has emerged from his den at Scotland's Highland Wildlife‚Ä¶ https://t.co/WZLoy2mz7y,95,BBC
95,0.4084,Tue Mar 20 15:03:02 +0000 2018,0.868,0.0,0.132,"'Everybody has a voice'. ‚ù§Ô∏èÔ∏èüé∂

Rugby legends JPR Williams and JJ Williams visit @FMNChorus and the BBC National Cho‚Ä¶ https://t.co/myuIpumZnL",96,BBC
96,0.6369,Tue Mar 20 14:24:06 +0000 2018,0.741,0.0,0.259,üì∏The best pictures from the 2018 Paralympic Winter Games in Pyeongchang: https://t.co/w8dYDPHkAw https://t.co/0SVnupv9rB,97,BBC
97,0.0,Tue Mar 20 14:03:04 +0000 2018,1.0,0.0,0.0,Prince Harry and Meghan Markle have chosen an organic lemon and elderflower cake for their wedding in May. üç∞üçãüíç‚Ä¶ https://t.co/H7dWlxmYcR,98,BBC
98,0.2235,Tue Mar 20 13:16:25 +0000 2018,0.881,0.0,0.119,"RT @BBCWalesNews: üéüüéûüçøCinema makes maths class an offer they can't refuse
Full story: https://t.co/Uwg6NTRFVF https://t.co/hr4dglHIu3",99,BBC
99,-0.4023,Tue Mar 20 13:02:01 +0000 2018,0.838,0.162,0.0,"People always have an opinion. üôÑüòÇ Here's why @AlanCarr doesn't trust TripAdvisor reviews. #LiveAtTheApollo 

https://t.co/PvF6K9hYMI",100,BBC
100,0.6996,Fri Mar 23 22:33:52 +0000 2018,0.806,0.0,0.194,Get ready for some sweet games! Stream #5 Clemson vs #1 Kansas LIVE at 7PM ET and #11 Syracuse vs #2 Duke LIVE at 9‚Ä¶ https://t.co/4WstgrKNnW,1,CBS
101,0.4939,Fri Mar 23 22:33:04 +0000 2018,0.686,0.0,0.314,RT @SEALTeamCBS: In honor of #NationalPuppyDay... üòç #SEALTeam https://t.co/4mIZPpiRlU,2,CBS
102,0.8997,Fri Mar 23 22:32:48 +0000 2018,0.645,0.0,0.355,"RT @HawaiiFive0CBS: Nothing like a man and his dog! üòçüê∂ Happy #NationalPuppyDay to Eddie, the best pup on the Five-0 Task Force! #H50 https:‚Ä¶",3,CBS
103,0.0,Thu Mar 22 22:10:29 +0000 2018,1.0,0.0,0.0,Game on! 16 teams left and the race to the finish continues tonight. Stream #11 Loyola-Chicago vs #7 Nevada LIVE at‚Ä¶ https://t.co/W374rmzzoC,4,CBS
104,0.7081,Thu Mar 22 20:52:02 +0000 2018,0.623,0.066,0.311,Save the date! These are season finales you do NOT want to miss. RT if you're excited! https://t.co/UUQoWsPPSh https://t.co/cDl4WmxMtU,5,CBS
105,0.636,Thu Mar 22 00:23:38 +0000 2018,0.802,0.0,0.198,Congratulations to all of the @CBSDaytime nominees for the #DaytimeEmmys! See the full list of #DaytimeEmmy nominee‚Ä¶ https://t.co/ivJVJWvfsf,6,CBS
106,0.0,Wed Mar 21 18:00:01 +0000 2018,1.0,0.0,0.0,Female Vocalist Of The Year nominee @MarenMorris will show her fans how it‚Äôs done when she takes the stage to showc‚Ä¶ https://t.co/PITjmAoFT8,7,CBS
107,0.5106,Tue Mar 20 20:00:01 +0000 2018,0.858,0.0,0.142,The legendary @Reba returns to host the 53rd #ACMawards and she‚Äôs proving just how comfortable she is behind the mi‚Ä¶ https://t.co/XPXcSPRXqC,8,CBS
108,0.0,Tue Mar 20 17:58:43 +0000 2018,1.0,0.0,0.0,RT @nancyodell: Told my daughter I'd be presenting at @ACMawards again this year. (Woot woot!We both luv country music!)She took this pic o‚Ä¶,9,CBS
109,0.5562,Tue Mar 20 16:52:42 +0000 2018,0.826,0.0,0.174,RT @ladyantebellum: Ecstatic to announce we'll be performing at the #ACMawards in Las Vegas again this year! https://t.co/Qfhs94j6FR,10,CBS
110,0.0,Tue Mar 20 16:11:00 +0000 2018,1.0,0.0,0.0,"Country superstars @kennychesney, @ladyantebellum, @blakeshelton, and @KeithUrban have just been added to the stell‚Ä¶ https://t.co/bJ4If7MacP",11,CBS
111,0.7845,Mon Mar 19 21:02:26 +0000 2018,0.619,0.072,0.309,"RT @YandR_CBS: Forever evolving, Forever inspiring, Forever Young and Restless. ‚ù§Ô∏è Get ready to celebrate 45 years of #YR starting in just‚Ä¶",12,CBS
112,0.0,Sun Mar 18 23:44:30 +0000 2018,1.0,0.0,0.0,New start times in East/Central Time Zones: #60Minutes 7:37ET/6:37CT #Instinct series premiere 8:37ET/7:37CT‚Ä¶ https://t.co/xT3YKqmu2M,13,CBS
113,0.6514,Sun Mar 18 18:05:43 +0000 2018,0.787,0.0,0.213,Spend your Sunday streaming Second Round games LIVE with a FREE trial of CBS All Access! https://t.co/3P85rXLy4b https://t.co/zbWfirD9Ju,14,CBS
114,0.1867,Sun Mar 18 17:09:53 +0000 2018,0.92,0.0,0.08,"RT @instinctcbs: TONIGHT, Dr. Dylan Reinhart rewrites the book on abnormal behavior. Don't miss the premiere of #Instinct at 8/7c! https://‚Ä¶",15,CBS
115,0.0,Sat Mar 17 19:00:02 +0000 2018,1.0,0.0,0.0,"If any duo knows how to rock the stage, it's @FLAGALine. The Vocal Duo Of The Year nominee will perform live at the‚Ä¶ https://t.co/FknabB8NQp",16,CBS
116,0.6166,Sat Mar 17 17:42:43 +0000 2018,0.839,0.0,0.161,How is your bracket looking after last night? Stream Second Round games LIVE today with a FREE trial of CBS All Acc‚Ä¶ https://t.co/25JlIpgwog,17,CBS
117,0.7096,Sat Mar 17 14:00:03 +0000 2018,0.753,0.0,0.247,Where better to spend #StPatricksDay than the place everybody knows your name? It‚Äôs just your luck that every singl‚Ä¶ https://t.co/Fom5wmdENL,18,CBS
118,0.296,Fri Mar 16 22:53:21 +0000 2018,0.896,0.0,0.104,Stars @JakeMcDorman and Nik Dodani will join the cast in the upcoming revival of Murphy Brown coming to CBS.‚Ä¶ https://t.co/JCAx29lo0i,19,CBS
119,0.0,Fri Mar 16 18:15:53 +0000 2018,1.0,0.0,0.0,"RT @thegoodfight: Go behind the scenes with costume designer @DanLawsonStyle in ""Behind The Style,"" a new weekly video series all about the‚Ä¶",20,CBS
120,0.6996,Fri Mar 23 22:33:52 +0000 2018,0.806,0.0,0.194,Get ready for some sweet games! Stream #5 Clemson vs #1 Kansas LIVE at 7PM ET and #11 Syracuse vs #2 Duke LIVE at 9‚Ä¶ https://t.co/4WstgrKNnW,21,CBS
121,0.4939,Fri Mar 23 22:33:04 +0000 2018,0.686,0.0,0.314,RT @SEALTeamCBS: In honor of #NationalPuppyDay... üòç #SEALTeam https://t.co/4mIZPpiRlU,22,CBS
122,0.8997,Fri Mar 23 22:32:48 +0000 2018,0.645,0.0,0.355,"RT @HawaiiFive0CBS: Nothing like a man and his dog! üòçüê∂ Happy #NationalPuppyDay to Eddie, the best pup on the Five-0 Task Force! #H50 https:‚Ä¶",23,CBS
123,0.0,Thu Mar 22 22:10:29 +0000 2018,1.0,0.0,0.0,Game on! 16 teams left and the race to the finish continues tonight. Stream #11 Loyola-Chicago vs #7 Nevada LIVE at‚Ä¶ https://t.co/W374rmzzoC,24,CBS
124,0.7081,Thu Mar 22 20:52:02 +0000 2018,0.623,0.066,0.311,Save the date! These are season finales you do NOT want to miss. RT if you're excited! https://t.co/UUQoWsPPSh https://t.co/cDl4WmxMtU,25,CBS
125,0.636,Thu Mar 22 00:23:38 +0000 2018,0.802,0.0,0.198,Congratulations to all of the @CBSDaytime nominees for the #DaytimeEmmys! See the full list of #DaytimeEmmy nominee‚Ä¶ https://t.co/ivJVJWvfsf,26,CBS
126,0.0,Wed Mar 21 18:00:01 +0000 2018,1.0,0.0,0.0,Female Vocalist Of The Year nominee @MarenMorris will show her fans how it‚Äôs done when she takes the stage to showc‚Ä¶ https://t.co/PITjmAoFT8,27,CBS
127,0.5106,Tue Mar 20 20:00:01 +0000 2018,0.858,0.0,0.142,The legendary @Reba returns to host the 53rd #ACMawards and she‚Äôs proving just how comfortable she is behind the mi‚Ä¶ https://t.co/XPXcSPRXqC,28,CBS
128,0.0,Tue Mar 20 17:58:43 +0000 2018,1.0,0.0,0.0,RT @nancyodell: Told my daughter I'd be presenting at @ACMawards again this year. (Woot woot!We both luv country music!)She took this pic o‚Ä¶,29,CBS
129,0.5562,Tue Mar 20 16:52:42 +0000 2018,0.826,0.0,0.174,RT @ladyantebellum: Ecstatic to announce we'll be performing at the #ACMawards in Las Vegas again this year! https://t.co/Qfhs94j6FR,30,CBS
130,0.0,Tue Mar 20 16:11:00 +0000 2018,1.0,0.0,0.0,"Country superstars @kennychesney, @ladyantebellum, @blakeshelton, and @KeithUrban have just been added to the stell‚Ä¶ https://t.co/bJ4If7MacP",31,CBS
131,0.7845,Mon Mar 19 21:02:26 +0000 2018,0.619,0.072,0.309,"RT @YandR_CBS: Forever evolving, Forever inspiring, Forever Young and Restless. ‚ù§Ô∏è Get ready to celebrate 45 years of #YR starting in just‚Ä¶",32,CBS
132,0.0,Sun Mar 18 23:44:30 +0000 2018,1.0,0.0,0.0,New start times in East/Central Time Zones: #60Minutes 7:37ET/6:37CT #Instinct series premiere 8:37ET/7:37CT‚Ä¶ https://t.co/xT3YKqmu2M,33,CBS
133,0.6514,Sun Mar 18 18:05:43 +0000 2018,0.787,0.0,0.213,Spend your Sunday streaming Second Round games LIVE with a FREE trial of CBS All Access! https://t.co/3P85rXLy4b https://t.co/zbWfirD9Ju,34,CBS
134,0.1867,Sun Mar 18 17:09:53 +0000 2018,0.92,0.0,0.08,"RT @instinctcbs: TONIGHT, Dr. Dylan Reinhart rewrites the book on abnormal behavior. Don't miss the premiere of #Instinct at 8/7c! https://‚Ä¶",35,CBS
135,0.0,Sat Mar 17 19:00:02 +0000 2018,1.0,0.0,0.0,"If any duo knows how to rock the stage, it's @FLAGALine. The Vocal Duo Of The Year nominee will perform live at the‚Ä¶ https://t.co/FknabB8NQp",36,CBS
136,0.6166,Sat Mar 17 17:42:43 +0000 2018,0.839,0.0,0.161,How is your bracket looking after last night? Stream Second Round games LIVE today with a FREE trial of CBS All Acc‚Ä¶ https://t.co/25JlIpgwog,37,CBS
137,0.7096,Sat Mar 17 14:00:03 +0000 2018,0.753,0.0,0.247,Where better to spend #StPatricksDay than the place everybody knows your name? It‚Äôs just your luck that every singl‚Ä¶ https://t.co/Fom5wmdENL,38,CBS
138,0.296,Fri Mar 16 22:53:21 +0000 2018,0.896,0.0,0.104,Stars @JakeMcDorman and Nik Dodani will join the cast in the upcoming revival of Murphy Brown coming to CBS.‚Ä¶ https://t.co/JCAx29lo0i,39,CBS
139,0.0,Fri Mar 16 18:15:53 +0000 2018,1.0,0.0,0.0,"RT @thegoodfight: Go behind the scenes with costume designer @DanLawsonStyle in ""Behind The Style,"" a new weekly video series all about the‚Ä¶",40,CBS
140,0.6514,Fri Mar 16 16:28:40 +0000 2018,0.822,0.0,0.178,The games have just begun! Continue to stream First Round games LIVE today with a FREE trial of CBS All Access:‚Ä¶ https://t.co/YTGsJ48zYP,41,CBS
141,0.7088,Thu Mar 15 17:54:06 +0000 2018,0.763,0.0,0.237,"RT @TheTalkCBS: You asked, we answered! The fun never ends when the ladies #KeepTalking and answer your fan questions üó£üí¨‚û°Ô∏è https://t.co/ie1‚Ä¶",42,CBS
142,-0.4939,Thu Mar 15 17:20:26 +0000 2018,0.766,0.157,0.077,RT @instinctcbs: Dr. Dylan Reinhart is lured back into the field from his life of quiet academia when a certain serial killer makes things‚Ä¶,43,CBS
143,0.6514,Thu Mar 15 16:42:41 +0000 2018,0.806,0.0,0.194,Stream First Round games LIVE today starting at 12PM ET with a FREE trial of CBS All Access! https://t.co/3P85rXLy4b https://t.co/vZow3YD8cb,44,CBS
144,0.6115,Thu Mar 15 14:32:16 +0000 2018,0.734,0.0,0.266,RT @CBSSports: It's the most wonderful time of the year. #MarchMadness https://t.co/e4c9qohqSR,45,CBS
145,0.6696,Wed Mar 14 19:30:01 +0000 2018,0.781,0.0,0.219,"Give these ladies some love! @Lauren_Alaina, @DBradbery, @carlypearce, and @RaeLynn are nominated for New Female Vo‚Ä¶ https://t.co/IVhwURfJ3S",46,CBS
146,0.3612,Tue Mar 13 18:48:52 +0000 2018,0.857,0.0,0.143,"RT @ManWithAPlan: Hungry for more #ManWithAPlan bloopers and behind-the-scenes videos featuring cast like @matt_leblanc, @thelizasnyder, @k‚Ä¶",47,CBS
147,0.539,Tue Mar 13 14:15:10 +0000 2018,0.821,0.0,0.179,"Music stars @MileyCyrus, @edsheeran, @ladygaga, and more will honor the legendary @eltonofficial and his hit songs‚Ä¶ https://t.co/UzxARCCLnI",48,CBS
148,0.2244,Mon Mar 12 18:13:28 +0000 2018,0.917,0.0,0.083,RT @thegoodfight: The verdict is in. The new season of #TheGoodFight is üî•üî•üî•! Stream it now on CBS All Access: https://t.co/FkYSNSXlRb https‚Ä¶,49,CBS
149,0.0,Mon Mar 12 01:20:43 +0000 2018,1.0,0.0,0.0,"RT @MadamSecretary: In less than an hour, #MadamSecretary's Keith Carradine will be taking over the @MadamSecretary Twitter page! Tweet alo‚Ä¶",50,CBS
150,0.4926,Fri Mar 09 22:48:26 +0000 2018,0.883,0.0,0.117,RT @DierksBentley: Take and post a photo of the woman in your life who inspires you daily! Use the hashtag #WomanAmenACM in your post for a‚Ä¶,51,CBS
151,0.1275,Fri Mar 09 22:24:20 +0000 2018,0.795,0.092,0.113,"RT @MomCBS: If you missed guest star @KChenoweth in the latest episode of #Mom, not to worry! Watch now: https://t.co/RlvXoGOZ0l https://t.‚Ä¶",52,CBS
152,0.4215,Fri Mar 09 21:10:21 +0000 2018,0.823,0.0,0.177,"Give a round of applause to @KelseaBallerini, @MirandaLambert, @Reba, @MarenMorris, and @CarrieUnderwood, the five‚Ä¶ https://t.co/Ncp1BTXx6N",53,CBS
153,0.8658,Fri Mar 09 18:27:28 +0000 2018,0.553,0.0,0.447,"RT @thegoodfight: Smart, sexy, and sophisticated. See what's coming this season on #TheGoodFight. https://t.co/CuKhx2G50P https://t.co/ygTI‚Ä¶",54,CBS
154,0.0,Fri Mar 09 16:02:27 +0000 2018,1.0,0.0,0.0,RT @BlueBloods_CBS: Even stand-up guys fall down sometimes. #BlueBloods is new tonight at 10/9c! https://t.co/UOlDm22wWW,55,CBS
155,0.8625,Thu Mar 08 18:00:49 +0000 2018,0.664,0.0,0.336,Today and every day we celebrate the women in our lives who empower and inspire us. Share a story about an¬†influent‚Ä¶ https://t.co/9rVtqrElvT,56,CBS
156,0.4926,Thu Mar 08 17:03:04 +0000 2018,0.868,0.0,0.132,Take and post a photo of the woman in your life who inspires you daily! Use the hashtag #WomanAmenACM in your post‚Ä¶ https://t.co/7ShhvE48zy,57,CBS
157,-0.2023,Wed Mar 07 18:39:10 +0000 2018,0.619,0.23,0.15,"RT @thegoodfight: Meticulously constructed. Soapy &amp; sexy. Intoxicating, savage television. üî• Here's what critics are saying about #TheGoodF‚Ä¶",58,CBS
158,0.0,Wed Mar 07 17:06:02 +0000 2018,1.0,0.0,0.0,"This just in! @Jason_Aldean, @mirandalambert, @LukeBryanOnline, and many more are set to perform at the 53rd Academ‚Ä¶ https://t.co/mfxw2VxzU4",59,CBS
159,0.6705,Tue Mar 06 18:10:59 +0000 2018,0.756,0.0,0.244,"Meet the ensemble of talented actors slated to join $1, a new mystery series coming to CBS All Access:‚Ä¶ https://t.co/QoyYv7vxwg",60,CBS
160,0.3818,Mon Mar 05 22:16:43 +0000 2018,0.833,0.0,0.167,"Will @Jason_Aldean, @garthbrooks, @LukeBryanOnline, @ChrisStapleton, or @KeithUrban be named Entertainer Of The Yea‚Ä¶ https://t.co/rMD8zjeX3s",61,CBS
161,0.4404,Sun Mar 04 08:05:26 +0000 2018,0.884,0.0,0.116,"RT @thegoodfight: It feels good to be back. üë†üíÑüî• The season 2 premiere of #TheGoodFight is now streaming, exclusively on CBS All Access: htt‚Ä¶",62,CBS
162,0.0,Sat Mar 03 20:55:20 +0000 2018,1.0,0.0,0.0,"RT @thegoodfight: Tomorrow, #TheGoodFight is back. Stream the season 2 premiere only on CBS All Access: https://t.co/tNFR8LBJO2 https://t.c‚Ä¶",63,CBS
163,0.7096,Fri Mar 02 22:30:01 +0000 2018,0.753,0.0,0.247,"Who are the trailblazing women in your life that inspire you? Join CBS and the ANA's #SeeHer initiative, celebratin‚Ä¶ https://t.co/M0KqZ41Bes",64,CBS
164,0.7096,Fri Mar 02 20:30:01 +0000 2018,0.718,0.0,0.282,"Join @maria_bello, @aishatyler and @TeaLeoni in celebrating the accomplishments of women who have contributed to th‚Ä¶ https://t.co/MefESBeFL3",65,CBS
165,0.4939,Fri Mar 02 18:45:00 +0000 2018,0.849,0.0,0.151,"In honor of Women's History Month, CBS and the Association of National Advertisers' (ANA) #SeeHer initiative will p‚Ä¶ https://t.co/2wtYxKJVuO",66,CBS
166,-0.6981,Thu Mar 01 18:59:01 +0000 2018,0.79,0.21,0.0,RT @ZoeListerJones: Tonight‚Äôs an all new Life In Pieces and it‚Äôs directed by my ride or die @nataliaanderson!!!‚Ä¶ https://t.co/2LPfmyLWrY,67,CBS
167,0.4547,Thu Mar 01 18:12:57 +0000 2018,0.749,0.092,0.159,"RT @MarenMorris: Hot damn! Woke up from my post-wisdom teeth haze to find out I‚Äôm up for 4 @ACMawards ! So honored, especially for the Dear‚Ä¶",68,CBS
168,0.8591,Thu Mar 01 18:11:50 +0000 2018,0.462,0.0,0.538,RT @KelseaBallerini: Ohhhhh goodness. Incredible. Thank you thank you thank you. #female https://t.co/1ZTYjNfQeF,69,CBS
169,0.4885,Thu Mar 01 18:10:50 +0000 2018,0.615,0.151,0.234,RT @KeithUrban: ACMs...... HOLY SMOKES!!!!! MAD LOVE TO U ALL THIS MORNING  FOR THESE INCREDIBLE NOMINATIONS. I‚ÄôM EXTREMELY GRATEFUL!!!!!!!‚Ä¶,70,CBS
170,0.5994,Thu Mar 01 14:36:21 +0000 2018,0.822,0.0,0.178,"RT @ACMawards: Congratulations to this year‚Äôs #ACMawards Video of the Year nominees:
‚ÄúBlack‚Äù - @DierksBentley
‚ÄúIt Ain‚Äôt My Fault‚Äù - @Brothe‚Ä¶",71,CBS
171,0.7717,Thu Mar 01 14:29:20 +0000 2018,0.675,0.0,0.325,"RT @ACMawards: Please give a round of applause to this year‚Äôs #ACMawards Entertainer of the Year nominees: @Jason_Aldean, @GarthBrooks, @Lu‚Ä¶",72,CBS
172,0.6908,Thu Mar 01 14:15:29 +0000 2018,0.725,0.0,0.275,".@ChrisStapleton, @ThomasRhett, @mirandalambert and more are all nominated for awards at Country Music's Party of t‚Ä¶ https://t.co/Vm1vXRUDYJ",73,CBS
173,0.0,Thu Mar 01 13:50:11 +0000 2018,1.0,0.0,0.0,"The Queen of Country, @Reba, is returning to host the 53rd #ACMawards on Sunday, April 15 at 8/7c. Here are a few o‚Ä¶ https://t.co/Iqzz6Gql01",74,CBS
174,0.0,Thu Mar 01 01:04:52 +0000 2018,1.0,0.0,0.0,RT @survivorcbs: It‚Äôs time! #Survivor https://t.co/YPk6cGWrUA,75,CBS
175,0.0,Wed Feb 28 19:56:58 +0000 2018,1.0,0.0,0.0,"RT @CBSThisMorning: TOMORROW: The nominees for the 2018 @ACMawards will be announced live by the one-and-only, @Reba! 

Watch on @CBS in ou‚Ä¶",76,CBS
176,0.4404,Wed Feb 28 19:08:30 +0000 2018,0.884,0.0,0.116,"RT @thegoodfight: From the set design and costumes to hair and makeup, the production quality is truly next-level. Take a peek inside the u‚Ä¶",77,CBS
177,0.5562,Tue Feb 27 03:23:47 +0000 2018,0.848,0.0,0.152,RT @LivinBiblically: The fun continues on Facebook! The #LivingBiblically cast is live to talk about tonight‚Äôs premiere. Tune in here: http‚Ä¶,78,CBS
178,0.0,Mon Feb 26 22:50:32 +0000 2018,1.0,0.0,0.0,"RT @KevinCanWaitCBS: Can you get all the way through these #KevinCanWait bloopers without laughing?! @KevinJames,@LeahRemini and the rest o‚Ä¶",79,CBS
179,0.0,Mon Feb 26 21:08:30 +0000 2018,1.0,0.0,0.0,"RT @ACMawards: That‚Äôs right! @Reba is headed to @CBSThisMorning on Thursday, March 1 to announce this year‚Äôs #ACMAwards' nominees. Tune in‚Ä¶",80,CBS
180,0.4482,Mon Feb 26 19:53:41 +0000 2018,0.895,0.0,0.105,"RT @ScorpionCBS: You can't hack your way to a 197 IQ, but you are well on your way with these Genius Facts from #TeamScorpion! üíª You can be‚Ä¶",81,CBS
181,0.784,Mon Feb 26 18:32:36 +0000 2018,0.734,0.0,0.266,RT @SuperiorDonuts: You can always count on @DavidKoechner for a laugh! Did your favorite Tush moment make the list? Catch a new #SuperiorD‚Ä¶,82,CBS
182,0.9359,Mon Feb 26 18:20:16 +0000 2018,0.571,0.0,0.429,RT @TheTalkCBS: TODAY: We loved them together then &amp; we love seeing them together now! Welcome back to the show @THESaraGilbert‚Äã's good fri‚Ä¶,83,CBS
183,-0.5423,Mon Feb 26 16:53:56 +0000 2018,0.816,0.184,0.0,"RT @thegoodfight: As foundations begin to crumble, our characters struggle to make sense of this new dystopian world. The cast teases what'‚Ä¶",84,CBS
184,0.0,Mon Feb 26 16:52:01 +0000 2018,1.0,0.0,0.0,"#LivingBiblically's @linzkraft and @jrfergjr appeared on @KCBS's Facebook Live this morning, talking all about what‚Ä¶ https://t.co/4RebcHuuMQ",85,CBS
185,0.0,Mon Feb 26 16:17:55 +0000 2018,1.0,0.0,0.0,"RT @CBSSports: Introducing CBS Sports HQ, a New 24/7 Direct-to-Consumer Streaming Network for Sports News, Highlights, &amp; Analysis.

Stream‚Ä¶",86,CBS
186,0.7644,Mon Feb 26 01:12:32 +0000 2018,0.769,0.0,0.231,"RT @CBSBigBrother: It‚Äôs down to the final 5 celebrity Houseguests, and anyone could take home the grand prize! Tune in NOW to watch the #BB‚Ä¶",87,CBS
187,0.0,Sun Feb 25 21:51:32 +0000 2018,1.0,0.0,0.0,RT @startrekcbs: Binge the entire first season of #StarTrekDiscovery. All episodes now streaming exclusively on CBS All Access: https://t.c‚Ä¶,88,CBS
188,0.0,Sun Feb 25 21:51:22 +0000 2018,1.0,0.0,0.0,"RT @thegoodfight: #TheGoodFight returns in 1 week. Season 2 premieres Sunday, March 4. https://t.co/nomCao1GWp https://t.co/BOn6bOe9Tb",89,CBS
189,0.5093,Fri Feb 23 18:15:40 +0000 2018,0.845,0.0,0.155,RT @thegoodfight: This is our new favorite thing. Christine Baranski debuted #TheGoodFight the Musical on @colbertlateshow last night! üéµüé§‚Ä¶,90,CBS
190,0.0,Thu Feb 22 19:26:52 +0000 2018,1.0,0.0,0.0,"RT @LivinBiblically: Confession time: have YOU ever hit the ""close door"" button in an elevator while somebody was approaching? The cast of‚Ä¶",91,CBS
191,0.0,Wed Feb 21 19:20:04 +0000 2018,1.0,0.0,0.0,RT @CBSEyeSpeak: Mark your calendars! #CBSEyeSpeak kicks off March 14 with The EYE Speak Summit. Follow our page for more details! https://‚Ä¶,92,CBS
192,0.6808,Wed Feb 21 18:19:25 +0000 2018,0.752,0.0,0.248,"RT @CBSEyeSpeak: Proud to announce a new CBS initiative, promoting female empowerment and developing the next generation of leaders through‚Ä¶",93,CBS
193,0.4404,Tue Feb 20 19:55:19 +0000 2018,0.884,0.0,0.116,"RT @LivinBiblically: When you're living by the Bible, it's good to have a priest and a rabbi on call (provided they answer their phones, th‚Ä¶",94,CBS
194,-0.4019,Tue Feb 20 17:58:18 +0000 2018,0.881,0.119,0.0,"RT @thegoodfight: Chicago lawyers are being hunted and the world is going insane. 

The new season of #TheGoodFight premieres Sunday, March‚Ä¶",95,CBS
195,0.3612,Tue Feb 20 17:39:51 +0000 2018,0.872,0.0,0.128,Ready for some larger than life competition? This new series from @MarkBurnettTV will premiere in summer 2018.‚Ä¶ https://t.co/gDXHLdIJ5v,96,CBS
196,0.6124,Sat Feb 17 01:07:20 +0000 2018,0.773,0.0,0.227,"With tournament dreams on the line, make sure to stream these college basketball matchups on CBS All Access:‚Ä¶ https://t.co/SGkYUZrQWB",97,CBS
197,0.3182,Fri Feb 16 18:42:43 +0000 2018,0.892,0.0,0.108,"RT @LivinBiblically: While Chip's sticking to the Bible's original rules, the cast of #LivingBiblically has given them a more modern makeov‚Ä¶",98,CBS
198,0.68,Fri Feb 16 17:48:20 +0000 2018,0.752,0.0,0.248,"Casting News! Peter Mark Kendall, Michael Gaston, Greg Wise, Rade ≈†erbed≈æija, Zack Pearlman, and Keye Chen join the‚Ä¶ https://t.co/GFob2KrD8H",99,CBS
199,0.8619,Wed Feb 14 19:23:27 +0000 2018,0.534,0.0,0.466,RT @BullCBS: The verdict is in...#Bull is the perfect Valentine! ‚ù§Ô∏è Happy #ValentinesDay! https://t.co/poEejI4AnC,100,CBS
200,0.7096,Sat Mar 24 03:45:18 +0000 2018,0.642,0.087,0.272,How much of a struggle is it for transgender or intersex individuals to find acceptance and love in modern-day Indi‚Ä¶ https://t.co/tIuvh9nxQY,1,CNN
201,-0.1796,Sat Mar 24 03:36:03 +0000 2018,0.693,0.169,0.138,The Trump era has been very good to Iraq War hawks | Analysis by CNN's Gregory Krieg https://t.co/V7rmQ91TcY https://t.co/bTKR2Vtt6C,2,CNN
202,0.128,Sat Mar 24 03:31:06 +0000 2018,0.919,0.0,0.081,At least one investigation has been launched into how a senior adviser to Veterans Affairs Secretary David Shulkin‚Ä¶ https://t.co/obTgPuXNkK,3,CNN
203,-0.5423,Sat Mar 24 03:16:04 +0000 2018,0.8,0.2,0.0,"A video shows a fatal police shooting of an Illinois woman, and her family wants answers https://t.co/22G4LKFKj8",4,CNN
204,0.0,Sat Mar 24 03:07:37 +0000 2018,1.0,0.0,0.0,The 26 oddest lines from Donald Trump's totally bizarro omnibus signing announcement | Analysis by CNN's Chris Cill‚Ä¶ https://t.co/a8gg0xIxix,5,CNN
205,0.0,Sat Mar 24 03:01:02 +0000 2018,0.769,0.115,0.115,Exclusive: Inside the base that would oversee a US nuclear strike https://t.co/KIFZL3gMMz https://t.co/fpqL5PGdqW,6,CNN
206,0.0,Sat Mar 24 02:51:23 +0000 2018,1.0,0.0,0.0,"Why I'm marching on Saturday ... in a wheelchair || Karina Vargas, who was shot outside her school in Colorado, wri‚Ä¶ https://t.co/NlVwhhbu8C",7,CNN
207,-0.5574,Sat Mar 24 02:46:03 +0000 2018,0.847,0.153,0.0,"Five years on, Chinese doctor Zhang Qimao still simmers with rage over what happened to her when she reported a sex‚Ä¶ https://t.co/adCpsQVwZg",8,CNN
208,-0.5574,Sat Mar 24 02:37:07 +0000 2018,0.833,0.167,0.0,RT @CNNTonight: The White House announces a policy to ban most transgender troops from serving in the military https://t.co/L8gejLhYc9 http‚Ä¶,9,CNN
209,0.743,Sat Mar 24 02:36:48 +0000 2018,0.76,0.0,0.24,"RT @AC360: Former Cambridge Analytica staff say a super PAC run by John Bolton, President Trump's new national security adviser, used the c‚Ä¶",10,CNN
210,-0.3818,Sat Mar 24 02:35:41 +0000 2018,0.86,0.14,0.0,"With Lt. Gen H.R. McMaster's departure, the White House is losing a real warrior, writes @peterbergencnn via‚Ä¶ https://t.co/dSVJ5WvKgM",11,CNN
211,-0.2732,Sat Mar 24 02:30:18 +0000 2018,0.9,0.1,0.0,The lawyer representing the porn star suing President Donald Trump called a tweet he posted of an apparent data dis‚Ä¶ https://t.co/Y8bkEh0OmG,12,CNN
212,-0.5719,Sat Mar 24 02:16:07 +0000 2018,0.793,0.207,0.0,"Former Deputy FBI Director Andrew McCabe is speaking out about his recent firing, saying the allegations of ""lack o‚Ä¶ https://t.co/k2ORmOkeeH",13,CNN
213,-0.2732,Sat Mar 24 02:09:35 +0000 2018,0.913,0.087,0.0,Why build a bigger cruise ship when you can just cut one in half and add an extra 50 feet to the middle?‚Ä¶ https://t.co/Gk41THywKV,14,CNN
214,0.0772,Sat Mar 24 02:01:42 +0000 2018,0.796,0.095,0.109,"""Sometimes I forget that we are the high schoolers here."" Cameron Kasky and fellow Parkland survivors share exclusi‚Ä¶ https://t.co/cwU8Q4iLzV",15,CNN
215,0.128,Sat Mar 24 02:01:10 +0000 2018,0.742,0.096,0.162,‚ÄúWhat can we do to stop this from continuing?‚Äù Emma Gonz√°lez and fellow Parkland survivors share exclusive video di‚Ä¶ https://t.co/hcVuJPQ799,16,CNN
216,-0.0644,Sat Mar 24 01:59:55 +0000 2018,0.95,0.05,0.0,"""It's going to be tough, but I'm going to get through this and I'm going to survive and it's going to be okay."" Ale‚Ä¶ https://t.co/C0dbtrGRHH",17,CNN
217,-0.765,Sat Mar 24 01:59:37 +0000 2018,0.752,0.248,0.0,"‚ÄúI'm in a lot of pain, and I've never been face with this kind of pain before.‚Äù Sam Fuentes and Parkland survivors‚Ä¶ https://t.co/7YY0uHZpCf",18,CNN
218,0.0,Sat Mar 24 01:54:36 +0000 2018,1.0,0.0,0.0,The 29(!) major Trump headlines this week | Analysis by @CillizzaCNN https://t.co/tCcXmkv6L7 https://t.co/g6gfJ3Y88C,19,CNN
219,-0.5574,Sat Mar 24 01:41:03 +0000 2018,0.841,0.159,0.0,JUST IN: The White House has announced a policy to ban most transgender persons from serving in the US military‚Ä¶ https://t.co/uj1gqzgJJE,20,CNN
220,0.7096,Sat Mar 24 03:45:18 +0000 2018,0.642,0.087,0.272,How much of a struggle is it for transgender or intersex individuals to find acceptance and love in modern-day Indi‚Ä¶ https://t.co/tIuvh9nxQY,21,CNN
221,-0.1796,Sat Mar 24 03:36:03 +0000 2018,0.693,0.169,0.138,The Trump era has been very good to Iraq War hawks | Analysis by CNN's Gregory Krieg https://t.co/V7rmQ91TcY https://t.co/bTKR2Vtt6C,22,CNN
222,0.128,Sat Mar 24 03:31:06 +0000 2018,0.919,0.0,0.081,At least one investigation has been launched into how a senior adviser to Veterans Affairs Secretary David Shulkin‚Ä¶ https://t.co/obTgPuXNkK,23,CNN
223,-0.5423,Sat Mar 24 03:16:04 +0000 2018,0.8,0.2,0.0,"A video shows a fatal police shooting of an Illinois woman, and her family wants answers https://t.co/22G4LKFKj8",24,CNN
224,0.0,Sat Mar 24 03:07:37 +0000 2018,1.0,0.0,0.0,The 26 oddest lines from Donald Trump's totally bizarro omnibus signing announcement | Analysis by CNN's Chris Cill‚Ä¶ https://t.co/a8gg0xIxix,25,CNN
225,0.0,Sat Mar 24 03:01:02 +0000 2018,0.769,0.115,0.115,Exclusive: Inside the base that would oversee a US nuclear strike https://t.co/KIFZL3gMMz https://t.co/fpqL5PGdqW,26,CNN
226,0.0,Sat Mar 24 02:51:23 +0000 2018,1.0,0.0,0.0,"Why I'm marching on Saturday ... in a wheelchair || Karina Vargas, who was shot outside her school in Colorado, wri‚Ä¶ https://t.co/NlVwhhbu8C",27,CNN
227,-0.5574,Sat Mar 24 02:46:03 +0000 2018,0.847,0.153,0.0,"Five years on, Chinese doctor Zhang Qimao still simmers with rage over what happened to her when she reported a sex‚Ä¶ https://t.co/adCpsQVwZg",28,CNN
228,-0.5574,Sat Mar 24 02:37:07 +0000 2018,0.833,0.167,0.0,RT @CNNTonight: The White House announces a policy to ban most transgender troops from serving in the military https://t.co/L8gejLhYc9 http‚Ä¶,29,CNN
229,0.743,Sat Mar 24 02:36:48 +0000 2018,0.76,0.0,0.24,"RT @AC360: Former Cambridge Analytica staff say a super PAC run by John Bolton, President Trump's new national security adviser, used the c‚Ä¶",30,CNN
230,-0.3818,Sat Mar 24 02:35:41 +0000 2018,0.86,0.14,0.0,"With Lt. Gen H.R. McMaster's departure, the White House is losing a real warrior, writes @peterbergencnn via‚Ä¶ https://t.co/dSVJ5WvKgM",31,CNN
231,-0.2732,Sat Mar 24 02:30:18 +0000 2018,0.9,0.1,0.0,The lawyer representing the porn star suing President Donald Trump called a tweet he posted of an apparent data dis‚Ä¶ https://t.co/Y8bkEh0OmG,32,CNN
232,-0.5719,Sat Mar 24 02:16:07 +0000 2018,0.793,0.207,0.0,"Former Deputy FBI Director Andrew McCabe is speaking out about his recent firing, saying the allegations of ""lack o‚Ä¶ https://t.co/k2ORmOkeeH",33,CNN
233,-0.2732,Sat Mar 24 02:09:35 +0000 2018,0.913,0.087,0.0,Why build a bigger cruise ship when you can just cut one in half and add an extra 50 feet to the middle?‚Ä¶ https://t.co/Gk41THywKV,34,CNN
234,0.0772,Sat Mar 24 02:01:42 +0000 2018,0.796,0.095,0.109,"""Sometimes I forget that we are the high schoolers here."" Cameron Kasky and fellow Parkland survivors share exclusi‚Ä¶ https://t.co/cwU8Q4iLzV",35,CNN
235,0.128,Sat Mar 24 02:01:10 +0000 2018,0.742,0.096,0.162,‚ÄúWhat can we do to stop this from continuing?‚Äù Emma Gonz√°lez and fellow Parkland survivors share exclusive video di‚Ä¶ https://t.co/hcVuJPQ799,36,CNN
236,-0.0644,Sat Mar 24 01:59:55 +0000 2018,0.95,0.05,0.0,"""It's going to be tough, but I'm going to get through this and I'm going to survive and it's going to be okay."" Ale‚Ä¶ https://t.co/C0dbtrGRHH",37,CNN
237,-0.765,Sat Mar 24 01:59:37 +0000 2018,0.752,0.248,0.0,"‚ÄúI'm in a lot of pain, and I've never been face with this kind of pain before.‚Äù Sam Fuentes and Parkland survivors‚Ä¶ https://t.co/7YY0uHZpCf",38,CNN
238,0.0,Sat Mar 24 01:54:36 +0000 2018,1.0,0.0,0.0,The 29(!) major Trump headlines this week | Analysis by @CillizzaCNN https://t.co/tCcXmkv6L7 https://t.co/g6gfJ3Y88C,39,CNN
239,-0.5574,Sat Mar 24 01:41:03 +0000 2018,0.841,0.159,0.0,JUST IN: The White House has announced a policy to ban most transgender persons from serving in the US military‚Ä¶ https://t.co/uj1gqzgJJE,40,CNN
240,-0.0572,Sat Mar 24 01:37:50 +0000 2018,0.94,0.06,0.0,"""I'm marching because I don't want this to happen to any other child and it really shouldn't have happened."" 12-yea‚Ä¶ https://t.co/HHnpCQioMa",41,CNN
241,0.743,Sat Mar 24 01:30:32 +0000 2018,0.717,0.0,0.283,"Former Cambridge Analytica staff say a super PAC run by John Bolton, President Trump's new national security advise‚Ä¶ https://t.co/Dyx0XhV9dh",42,CNN
242,0.0,Sat Mar 24 01:25:51 +0000 2018,1.0,0.0,0.0,"""I didn't ask for any of this. None of us asked to be put in this situation."" Emma Gonz√°lez and fellow Parkland sur‚Ä¶ https://t.co/ySLPQ9tlLT",43,CNN
243,0.0,Sat Mar 24 01:21:46 +0000 2018,1.0,0.0,0.0,"""I felt the heaviness of the bullet. I still didn't really believe that I got shot until I'd seen the wounds."" -Sam‚Ä¶ https://t.co/mDK6PoIelm",44,CNN
244,0.4767,Sat Mar 24 01:16:10 +0000 2018,0.779,0.065,0.156,Gold Star father Khizr Khan wrote a personal appeal to the Supreme Court to strike down President Trump's travel ba‚Ä¶ https://t.co/dH62kdUtzn,45,CNN
245,-0.34,Sat Mar 24 01:08:18 +0000 2018,0.806,0.194,0.0,President Trump moves closer to banning bump fire stocks https://t.co/NYNvd93X9J https://t.co/v4s0YlWa2M,46,CNN
246,0.4019,Sat Mar 24 01:01:59 +0000 2018,0.764,0.0,0.236,Parkland survivors share exclusive video diaries. Their stories NOW on CNN. https://t.co/jK5GTLr9qF #ParklandDiaries https://t.co/5CGN3fhwIp,47,CNN
247,0.4019,Sat Mar 24 00:51:05 +0000 2018,0.829,0.0,0.171,‚ÄúThis is what I have to deal with right now.‚Äù Sam Fuentes and Parkland survivors share exclusive video diaries. The‚Ä¶ https://t.co/RzsLF59uYI,48,CNN
248,0.0379,Sat Mar 24 00:50:26 +0000 2018,0.857,0.068,0.075,"RT @AC360: Anderson Cooper: President Trump ""does not shy away from speaking his mind about even the most serious allegations against him,‚Ä¶",49,CNN
249,0.0,Sat Mar 24 00:50:04 +0000 2018,1.0,0.0,0.0,"Using cell phones, six Parkland survivors chronicled their lives in the weeks after the shooting. Their stories ton‚Ä¶ https://t.co/cFgavh6mG1",50,CNN
250,0.128,Sat Mar 24 00:41:06 +0000 2018,0.742,0.096,0.162,‚ÄúWhat can we do to stop this from continuing?‚Äù Emma Gonz√°lez and fellow Parkland survivors share exclusive video di‚Ä¶ https://t.co/ECbIl0JzdA,51,CNN
251,0.4019,Sat Mar 24 00:37:13 +0000 2018,0.821,0.0,0.179,"‚ÄúStill trying to get back to normal, whatever that is.‚Äù Samantha Grady and Parkland survivors share exclusive video‚Ä¶ https://t.co/AFrFHftZcC",52,CNN
252,0.0772,Sat Mar 24 00:36:49 +0000 2018,0.925,0.0,0.075,Sydney's newest landmark is a mixed-use development called Central Park. The award-winning complex boasts one of th‚Ä¶ https://t.co/TAXZmAhTpz,53,CNN
253,0.0,Sat Mar 24 00:36:31 +0000 2018,1.0,0.0,0.0,"RT @AC360: Using cell phones, six Parkland survivors chronicled their lives in the weeks after the shooting. Their stories tonight, 9 p.m.‚Ä¶",54,CNN
254,0.4019,Sat Mar 24 00:31:23 +0000 2018,0.812,0.0,0.188,"Cameron Kasky and fellow Parkland survivors share exclusive video diaries. Their stories tonight, 9p ET on CNN‚Ä¶ https://t.co/vFITbP5MBI",55,CNN
255,-0.5994,Sat Mar 24 00:29:20 +0000 2018,0.849,0.151,0.0,"March for Our Lives student organizers say the event takes on ""an issue of life and death. ... The mass shooting ep‚Ä¶ https://t.co/7YyUdSrQlq",56,CNN
256,0.0772,Sat Mar 24 00:25:06 +0000 2018,0.949,0.0,0.051,"RT @OutFrontCNN: ""Everyone that I talk to in the White House just wishes that they had never had to address these stories at all, but it's‚Ä¶",57,CNN
257,0.0,Sat Mar 24 00:21:15 +0000 2018,1.0,0.0,0.0,"Using cell phones, six Parkland survivors chronicled their lives in the weeks after the shooting. Their stories ton‚Ä¶ https://t.co/af1llgPsQh",58,CNN
258,0.0,Sat Mar 24 00:13:10 +0000 2018,1.0,0.0,0.0,"Chef Jos√© Andr√©s' ThinkFoodGroup and various DC restaurants started Food for Our Lives, a collaboration of business‚Ä¶ https://t.co/p41ysZ5913",59,CNN
259,0.0,Sat Mar 24 00:03:11 +0000 2018,1.0,0.0,0.0,Cambridge Analytica says it's commissioning a third-party audit to prove that it deleted the trove of data about Fa‚Ä¶ https://t.co/Oo9xRKkALD,60,CNN
260,0.0,Fri Mar 23 23:53:04 +0000 2018,1.0,0.0,0.0,"Melania Trump rides solo to Air Force One, again https://t.co/xI0z6fJVKe https://t.co/uEjjLIsJJe",61,CNN
261,-0.2023,Fri Mar 23 23:49:09 +0000 2018,0.697,0.168,0.135,"RT @CNNMoney: Pando founder Sarah Lacy unpacks Facebook's ""crisis of confidence"" in this week's @ReliableSources podcast with CNN's @brians‚Ä¶",62,CNN
262,0.34,Fri Mar 23 23:46:51 +0000 2018,0.876,0.0,0.124,"John Bolton, President Trump's pick to be the next national security adviser, has a decade-long history of associat‚Ä¶ https://t.co/GsqLWaQega",63,CNN
263,0.3612,Fri Mar 23 23:39:30 +0000 2018,0.902,0.0,0.098,"RT @CNNnewsroom: ""People are listening. People are hearing us, and we feel like we've been yelling from the bottom of a barrel for almost t‚Ä¶",64,CNN
264,0.0,Fri Mar 23 23:38:15 +0000 2018,1.0,0.0,0.0,"A liver transplant saves one teen, but his identical twin dies https://t.co/sqDNBovbt9 https://t.co/SFUOlXfpS2",65,CNN
265,0.0,Fri Mar 23 23:29:47 +0000 2018,1.0,0.0,0.0,"‚ÄúI just know that I have to go back to continue to learn and work, even when our politicians won‚Äôt.‚Äù David Hogg and‚Ä¶ https://t.co/0BkIPTNbJ5",66,CNN
266,0.0,Fri Mar 23 23:25:46 +0000 2018,1.0,0.0,0.0,Four things we learned about Mario Cuomo from Chris Cuomo https://t.co/X9biaNDUhO #AxeFiles https://t.co/CAyAHDxiUg,67,CNN
267,0.0,Fri Mar 23 23:21:00 +0000 2018,0.747,0.126,0.126,911 calls capture the confusion when a false missile alert went out in Hawaii https://t.co/SPYmWPOPQg https://t.co/tOHRp353j4,68,CNN
268,0.5423,Fri Mar 23 23:10:59 +0000 2018,0.816,0.0,0.184,"Taylor Swift voiced her support for Saturday's ""March for Our Lives"" in an Instagram post and said that she made a‚Ä¶ https://t.co/rUq4HPJvrg",69,CNN
269,-0.0516,Fri Mar 23 23:02:13 +0000 2018,0.796,0.106,0.097,"Many of the Democrats who've been urging stricter gun control legislation will join throngs of students for the ""Ma‚Ä¶ https://t.co/mxQjFKdFSy",70,CNN
270,0.296,Fri Mar 23 22:51:03 +0000 2018,0.896,0.0,0.104,"China may target American cherries, pistachios, sparkling wine and more than 120 other US goods with tariffs to ret‚Ä¶ https://t.co/vg46Qs8uzw",71,CNN
271,0.4019,Fri Mar 23 22:41:07 +0000 2018,0.829,0.0,0.171,‚ÄúChange is happening. I can see it on the horizon.‚Äù Alex Wind and fellow Parkland survivors share exclusive video d‚Ä¶ https://t.co/hQwUCCj8YG,72,CNN
272,-0.6486,Fri Mar 23 22:31:06 +0000 2018,0.777,0.223,0.0,"An Iowa family vacationing in Mexico was found dead inside their condominium, according to police‚Ä¶ https://t.co/kE8QRiquuX",73,CNN
273,-0.4215,Fri Mar 23 22:26:06 +0000 2018,0.877,0.123,0.0,NFL star Michael Bennett was indicted in Houston on a charge of injury to the elderly in connection with an inciden‚Ä¶ https://t.co/4MIuPMiP6H,74,CNN
274,0.7717,Fri Mar 23 22:21:03 +0000 2018,0.705,0.0,0.295,First lady Melania Trump made public remarks at the State Department's International Women of Courage award ceremon‚Ä¶ https://t.co/RzjFpXXh33,75,CNN
275,-0.0772,Fri Mar 23 22:21:01 +0000 2018,0.769,0.121,0.109,A Tennessee man who was wrongfully imprisoned for 31 years and initially given $75 to start over has been awarded $‚Ä¶ https://t.co/gnUXYLvD98,76,CNN
276,0.4019,Fri Mar 23 22:11:33 +0000 2018,0.85,0.0,0.15,RT @AC360: ‚ÄúChange is happening. I can see it on the horizon.‚Äù Alex Wind and fellow Parkland survivors share exclusive video diaries with C‚Ä¶,77,CNN
277,-0.34,Fri Mar 23 22:11:04 +0000 2018,0.882,0.118,0.0,"""Contrary to the NRA's current narrative, the path to sensible gun reform isn't a slippery slope, it's simply uncha‚Ä¶ https://t.co/ueTcSlJS7s",78,CNN
278,0.0,Fri Mar 23 22:01:06 +0000 2018,1.0,0.0,0.0,Former President Jimmy Carter has been briefed by the White House on the situation in North Korea‚Ä¶ https://t.co/hbuozgfGDB,79,CNN
279,0.0,Fri Mar 23 21:52:56 +0000 2018,1.0,0.0,0.0,The real reasons Congress can't act on guns or immigration https://t.co/Zvna0DntVv https://t.co/LubyPW3xvN,80,CNN
280,0.0,Fri Mar 23 21:35:49 +0000 2018,1.0,0.0,0.0,"‚ÄúTo us, this is not a partisan issue. It‚Äôs an issue of life or death,‚Äù says Alex Wind, a Parkland school shooting s‚Ä¶ https://t.co/K0tPyzHKb1",81,CNN
281,-0.9432,Fri Mar 23 21:20:07 +0000 2018,0.423,0.577,0.0,A man has been arrested for allegedly threatening to assault and murder a congressman from Virginia‚Ä¶ https://t.co/2zCfq5BD0E,82,CNN
282,-0.6597,Fri Mar 23 21:01:07 +0000 2018,0.773,0.227,0.0,"Why you'll see a lot of ""evil eye"" gloves at the March For Our Lives https://t.co/WtpZqb9zQE https://t.co/AyNUF33YIp",83,CNN
283,-0.7713,Fri Mar 23 20:50:08 +0000 2018,0.712,0.288,0.0,"Parents of young children have reason to be watchful as the flu season ends. B strains, which can be more severe fo‚Ä¶ https://t.co/JWXazt7zNl",84,CNN
284,-0.0772,Fri Mar 23 20:40:05 +0000 2018,0.915,0.085,0.0,Drew Barrymore shows she's sorry for dissing Jake Gyllenhaal with a literal sign of affection‚Ä¶ https://t.co/USc2fh5gfb,85,CNN
285,-0.4404,Fri Mar 23 20:30:12 +0000 2018,0.861,0.139,0.0,Bank of America Merrill Lynch doctored paperwork on 16 million orders to fool institutional clients into thinking s‚Ä¶ https://t.co/OYh6bq5U5e,86,CNN
286,0.0,Fri Mar 23 20:20:09 +0000 2018,1.0,0.0,0.0,Thousands of people marched in cities across Poland in demonstrations against plans to tighten the country's alread‚Ä¶ https://t.co/7xfT5h1KC8,87,CNN
287,0.128,Fri Mar 23 20:10:38 +0000 2018,0.763,0.088,0.149,"RT @AC360: ‚ÄúI feel worried, I feel angry.‚Äù Parkland survivors share exclusive video diaries with CNN. Their stories tonight, 9p ET on @CNN‚Ä¶",88,CNN
288,0.4215,Fri Mar 23 20:10:04 +0000 2018,0.877,0.0,0.123,The Chinese ambassador to the United States would not rule out his nation scaling back the purchase of US governmen‚Ä¶ https://t.co/hWrJhLtgkZ,89,CNN
289,-0.8519,Fri Mar 23 20:07:50 +0000 2018,0.659,0.341,0.0,RT @CNNMoney: Trade war fears sink stocks again: Dow closes down more than 400 points at lowest point since November. https://t.co/A9OlUXl3‚Ä¶,90,CNN
290,0.4404,Fri Mar 23 20:03:33 +0000 2018,0.847,0.0,0.153,Apple is proposing 13 new emojis in an effort to better represent people with disabilities https://t.co/2RiAQPzhIt https://t.co/zp4lrF9v3O,91,CNN
291,-0.802,Fri Mar 23 19:50:35 +0000 2018,0.725,0.275,0.0,"At least 13 people were killed and 35 others were injured Friday night in a car bombing in southern Afghanistan, a‚Ä¶ https://t.co/8EZYFIRuUW",92,CNN
292,0.0,Fri Mar 23 19:42:28 +0000 2018,1.0,0.0,0.0,"""China is not afraid of and will not recoil from a trade war,"" China's embassy in Washington said in a statement‚Ä¶ https://t.co/lTQZIyYykI",93,CNN
293,0.4767,Fri Mar 23 19:30:13 +0000 2018,0.796,0.0,0.204,Some student loan borrowers will get another chance to qualify for the Public Service Loan Forgiveness program‚Ä¶ https://t.co/0Y6bgk27QX,94,CNN
294,-0.5106,Fri Mar 23 19:30:09 +0000 2018,0.732,0.268,0.0,A timeline of DACA offers President Trump has rejected https://t.co/r3lYvNaM8H https://t.co/TKd8VSvjEr,95,CNN
295,0.0,Fri Mar 23 19:20:06 +0000 2018,1.0,0.0,0.0,"A new chemical analysis of animal bones suggests that the Maya in the city of Ceibal kept big cats in captivity, an‚Ä¶ https://t.co/R65QDFdpAP",96,CNN
296,0.0,Fri Mar 23 19:10:06 +0000 2018,1.0,0.0,0.0,"Dr. Ronny Jackson, the presidential physician who has served under three presidents, has been nominated for a promo‚Ä¶ https://t.co/TkS68sf6Mb",97,CNN
297,-0.6597,Fri Mar 23 19:00:09 +0000 2018,0.761,0.239,0.0,A former cancer patient is now a doctor at the hospital that helped her survive https://t.co/K0Lmowc4PM https://t.co/EymrGr1EDT,98,CNN
298,0.5106,Fri Mar 23 18:50:02 +0000 2018,0.87,0.0,0.13,"All around the US, Lyft is offering free rides to protestors who will participate in the March for Our Lives this w‚Ä¶ https://t.co/iiZhgPHkqG",99,CNN
299,0.128,Fri Mar 23 18:45:11 +0000 2018,0.923,0.0,0.077,Veteran Washington attorney Joseph diGenova‚Äôs role as part of President Donald Trump‚Äôs legal team is still in quest‚Ä¶ https://t.co/McCu9Y9S2f,100,CNN
300,0.4019,Sat Mar 24 01:41:30 +0000 2018,0.881,0.0,0.119,"I wish all of the brands capitalizing on the feminist movement at least had some baseline of inclusion.

Make it in‚Ä¶ https://t.co/yK3F8MMBP0",1,Fox
301,0.4404,Fri Mar 23 23:03:43 +0000 2018,0.854,0.0,0.146,"Looking to read some new, good product and design books. Any recommendations for publications within the last 3 years? üôè",2,Fox
302,0.7213,Fri Mar 23 23:03:00 +0000 2018,0.373,0.0,0.627,"@tsunamino omg, so excellent!",3,Fox
303,0.7959,Fri Mar 23 22:54:03 +0000 2018,0.497,0.0,0.503,@sch Sure! Thank you for being open to chatting. Emailed. :),4,Fox
304,0.4588,Fri Mar 23 22:32:15 +0000 2018,0.769,0.0,0.231,"@sch I‚Äôm in Melbourne, which has 5 hours overlap with SF :)",5,Fox
305,0.0,Fri Mar 23 22:17:43 +0000 2018,1.0,0.0,0.0,@sch hey! I‚Äôm assuming this isn‚Äôt a remote job?,6,Fox
306,0.3174,Fri Mar 23 22:09:16 +0000 2018,0.85,0.0,0.15,"@jasonfried I always really enjoyed 37signals‚Äô books, but I can‚Äôt unsee the ableism in the title...",7,Fox
307,-0.2023,Fri Mar 23 22:08:00 +0000 2018,0.741,0.163,0.096,I‚Äôd love to have more time to build up my professional portfolio but it‚Äôs hard to focus when there‚Äôs no job securit‚Ä¶ https://t.co/QOnLi6v91M,8,Fox
308,0.6369,Fri Mar 23 22:05:46 +0000 2018,0.846,0.0,0.154,"As much as I love connecting with fellow women at tech events, it always breaks my heart so much that half of the c‚Ä¶ https://t.co/DlZtj3F2AQ",9,Fox
309,-0.5009,Fri Mar 23 22:04:12 +0000 2018,0.825,0.175,0.0,"@mapotato I‚Äôm so sorry about this, Theresa. We will try to find out the name of the offender. There will be consequences.",10,Fox
310,-0.2732,Fri Mar 23 22:02:44 +0000 2018,0.852,0.099,0.049,Inclusion sections on careers pages mean nothing if you can‚Äôt reply to all candidates no matter the outcome and giv‚Ä¶ https://t.co/JrBPxHYF7m,11,Fox
311,0.802,Fri Mar 23 10:19:46 +0000 2018,0.549,0.0,0.451,@almonk @jgwhite @itchymutt Interesting. I‚Äôd be keen to chat in that case :),12,Fox
312,0.3612,Fri Mar 23 10:08:18 +0000 2018,0.894,0.0,0.106,RT @duyenho: Hats off to @Fox for being the real deal üí™ Thank you Karolina and @benschwarz for the last ever #jsconfau18 https://t.co/8oRoy‚Ä¶,13,Fox
313,0.926,Fri Mar 23 10:08:07 +0000 2018,0.571,0.0,0.429,RT @not_sherry_wine: Shoutout to @fox and @benschwarz for the fantastic #JSConfAU18. The opportunity program is one of the best gift I‚Äôve b‚Ä¶,14,Fox
314,0.0,Fri Mar 23 08:32:21 +0000 2018,1.0,0.0,0.0,"RT @the_patima: üì¢‚ú® I have something to tell you all...

I'm going to Berlin in June to speak at @jsconfeu!!!! üíñ

üåü It's my 1st ever trip to‚Ä¶",15,Fox
315,0.0,Fri Mar 23 08:30:43 +0000 2018,1.0,0.0,0.0,@itchymutt @heroku SF-based?,16,Fox
316,0.0,Fri Mar 23 03:38:24 +0000 2018,1.0,0.0,0.0,RT @susanthesquark: I've said it a million times and I'll keep shouting it from the rooftops: a company's diversity and inclusion efforts m‚Ä¶,17,Fox
317,0.4767,Thu Mar 22 23:43:23 +0000 2018,0.853,0.0,0.147,"Apparently someone said that they‚Äôre only afraid of meeting two people; @dhh and myself.

I will take this as a compliment.",18,Fox
318,0.8481,Thu Mar 22 20:41:52 +0000 2018,0.662,0.0,0.338,"That‚Äôs a wrap, everyone. CSSConf and JSConf Australia are now a thing of a past.

Hope we left you inspired and with new friends.

üôå",19,Fox
319,0.9098,Thu Mar 22 20:29:50 +0000 2018,0.419,0.0,0.581,"@robodana Thank you for your kind words, Dana! I‚Äôm glad you‚Äôve enjoyed it",20,Fox
320,0.4019,Sat Mar 24 01:41:30 +0000 2018,0.881,0.0,0.119,"I wish all of the brands capitalizing on the feminist movement at least had some baseline of inclusion.

Make it in‚Ä¶ https://t.co/yK3F8MMBP0",21,Fox
321,0.4404,Fri Mar 23 23:03:43 +0000 2018,0.854,0.0,0.146,"Looking to read some new, good product and design books. Any recommendations for publications within the last 3 years? üôè",22,Fox
322,0.7213,Fri Mar 23 23:03:00 +0000 2018,0.373,0.0,0.627,"@tsunamino omg, so excellent!",23,Fox
323,0.7959,Fri Mar 23 22:54:03 +0000 2018,0.497,0.0,0.503,@sch Sure! Thank you for being open to chatting. Emailed. :),24,Fox
324,0.4588,Fri Mar 23 22:32:15 +0000 2018,0.769,0.0,0.231,"@sch I‚Äôm in Melbourne, which has 5 hours overlap with SF :)",25,Fox
325,0.0,Fri Mar 23 22:17:43 +0000 2018,1.0,0.0,0.0,@sch hey! I‚Äôm assuming this isn‚Äôt a remote job?,26,Fox
326,0.3174,Fri Mar 23 22:09:16 +0000 2018,0.85,0.0,0.15,"@jasonfried I always really enjoyed 37signals‚Äô books, but I can‚Äôt unsee the ableism in the title...",27,Fox
327,-0.2023,Fri Mar 23 22:08:00 +0000 2018,0.741,0.163,0.096,I‚Äôd love to have more time to build up my professional portfolio but it‚Äôs hard to focus when there‚Äôs no job securit‚Ä¶ https://t.co/QOnLi6v91M,28,Fox
328,0.6369,Fri Mar 23 22:05:46 +0000 2018,0.846,0.0,0.154,"As much as I love connecting with fellow women at tech events, it always breaks my heart so much that half of the c‚Ä¶ https://t.co/DlZtj3F2AQ",29,Fox
329,-0.5009,Fri Mar 23 22:04:12 +0000 2018,0.825,0.175,0.0,"@mapotato I‚Äôm so sorry about this, Theresa. We will try to find out the name of the offender. There will be consequences.",30,Fox
330,-0.2732,Fri Mar 23 22:02:44 +0000 2018,0.852,0.099,0.049,Inclusion sections on careers pages mean nothing if you can‚Äôt reply to all candidates no matter the outcome and giv‚Ä¶ https://t.co/JrBPxHYF7m,31,Fox
331,0.802,Fri Mar 23 10:19:46 +0000 2018,0.549,0.0,0.451,@almonk @jgwhite @itchymutt Interesting. I‚Äôd be keen to chat in that case :),32,Fox
332,0.3612,Fri Mar 23 10:08:18 +0000 2018,0.894,0.0,0.106,RT @duyenho: Hats off to @Fox for being the real deal üí™ Thank you Karolina and @benschwarz for the last ever #jsconfau18 https://t.co/8oRoy‚Ä¶,33,Fox
333,0.926,Fri Mar 23 10:08:07 +0000 2018,0.571,0.0,0.429,RT @not_sherry_wine: Shoutout to @fox and @benschwarz for the fantastic #JSConfAU18. The opportunity program is one of the best gift I‚Äôve b‚Ä¶,34,Fox
334,0.0,Fri Mar 23 08:32:21 +0000 2018,1.0,0.0,0.0,"RT @the_patima: üì¢‚ú® I have something to tell you all...

I'm going to Berlin in June to speak at @jsconfeu!!!! üíñ

üåü It's my 1st ever trip to‚Ä¶",35,Fox
335,0.0,Fri Mar 23 08:30:43 +0000 2018,1.0,0.0,0.0,@itchymutt @heroku SF-based?,36,Fox
336,0.0,Fri Mar 23 03:38:24 +0000 2018,1.0,0.0,0.0,RT @susanthesquark: I've said it a million times and I'll keep shouting it from the rooftops: a company's diversity and inclusion efforts m‚Ä¶,37,Fox
337,0.4767,Thu Mar 22 23:43:23 +0000 2018,0.853,0.0,0.147,"Apparently someone said that they‚Äôre only afraid of meeting two people; @dhh and myself.

I will take this as a compliment.",38,Fox
338,0.8481,Thu Mar 22 20:41:52 +0000 2018,0.662,0.0,0.338,"That‚Äôs a wrap, everyone. CSSConf and JSConf Australia are now a thing of a past.

Hope we left you inspired and with new friends.

üôå",39,Fox
339,0.9098,Thu Mar 22 20:29:50 +0000 2018,0.419,0.0,0.581,"@robodana Thank you for your kind words, Dana! I‚Äôm glad you‚Äôve enjoyed it",40,Fox
340,0.4019,Thu Mar 22 20:29:29 +0000 2018,0.649,0.0,0.351,"@kriesse @benschwarz Texting from bed, yes üå∏",41,Fox
341,0.7959,Thu Mar 22 01:21:07 +0000 2018,0.361,0.0,0.639,"@sentience Ah, interesting! Great photos üëèüèª",42,Fox
342,0.6959,Thu Mar 22 01:09:38 +0000 2018,0.759,0.0,0.241,@sentience what camera and lenses are you using? Fuji or Leica? The quality is quite great.,43,Fox
343,0.9081,Wed Mar 21 23:17:34 +0000 2018,0.648,0.0,0.352,"RT @JSConfAU: Did you enjoy the live stream today? Great, because we‚Äôre doing it again today.

Tune in for awesome tech talks. üôè‚ù§Ô∏è #jsconfa‚Ä¶",44,Fox
344,-0.4574,Wed Mar 21 22:35:50 +0000 2018,0.875,0.125,0.0,"I have so many subtweets about people misbehaving in subtle ways at conferences I could probably write a book by now. 

Last day to go!",45,Fox
345,0.4389,Wed Mar 21 01:30:04 +0000 2018,0.862,0.0,0.138,"RT @fox: üö®üëãüèª Hi everyone! I‚Äôm searching for new opportunities. 

I‚Äôm looking for multidisciplinary product, front-end and leadership roles.‚Ä¶",46,Fox
346,0.4199,Tue Mar 20 23:43:13 +0000 2018,0.417,0.0,0.583,@RedRoxProjects Thank you! üå∫,47,Fox
347,0.4199,Tue Mar 20 23:21:08 +0000 2018,0.417,0.0,0.583,@agisilaosts thank you! üå∫,48,Fox
348,0.0,Tue Mar 20 22:30:20 +0000 2018,1.0,0.0,0.0,"We‚Äôre live streaming @jsconfau talks all day today and tomorrow. Starting in 30 minutes!

https://t.co/ttIzoV4Cjz",49,Fox
349,-0.4019,Tue Mar 20 19:54:47 +0000 2018,0.863,0.137,0.0,RT @frameshiftllc: New angle for change in VC: founders refusing to take funding from all-male all-white firms https://t.co/AMi8UJbTGO,50,Fox
350,0.3612,Tue Mar 20 19:54:21 +0000 2018,0.839,0.0,0.161,@sentience @benschwarz @glenmaddern @xzyfer @jordanlewiz I like how everyone is wearing black or tan pants.,51,Fox
351,-0.5267,Tue Mar 20 18:46:00 +0000 2018,0.779,0.221,0.0,"@kriesse @benschwarz ‚ù§Ô∏è‚ù§Ô∏è‚ù§Ô∏è

I‚Äôll have a celebration of lying face down in a few days.",52,Fox
352,0.4199,Tue Mar 20 05:15:04 +0000 2018,0.417,0.0,0.583,@butwhoiskat thank you!,53,Fox
353,0.0,Mon Mar 19 23:38:23 +0000 2018,1.0,0.0,0.0,"Here it goes. Last 8 months of constant work will happen within the next 3 days.

https://t.co/c48sQqdnXv",54,Fox
354,0.0,Mon Mar 19 22:55:26 +0000 2018,1.0,0.0,0.0,"RT @cssconfau: Guess what?

Even if you aren‚Äôt here, you can watch all the talks LIVE! üò±

Tune into the live stream here. #cssconfau18 

ht‚Ä¶",55,Fox
355,0.9178,Mon Mar 19 10:25:22 +0000 2018,0.456,0.0,0.544,"@amyngyn hahaha. I actually never been, but I‚Äôve heard the bar is great. :)",56,Fox
356,0.0,Mon Mar 19 06:54:56 +0000 2018,1.0,0.0,0.0,@amyngyn Loui Bar?,57,Fox
357,0.8172,Mon Mar 19 00:57:53 +0000 2018,0.706,0.0,0.294,RT @LJKenward: Hey friends! üëã Who's hiring Junior Devs at the moment? I have some awesome people from the @juniordev_io Community currently‚Ä¶,58,Fox
358,0.481,Mon Mar 19 00:08:00 +0000 2018,0.752,0.079,0.168,Don‚Äôt forget about the Community Social today! EVERYONE IS WELCOME (even if you don‚Äôt hold a CSSConf or JSConf tick‚Ä¶ https://t.co/6c79TcKFCi,59,Fox
359,0.0,Sun Mar 18 23:11:31 +0000 2018,0.725,0.118,0.156,Toxic tech industry creates a fake vision of what each of us (especially minorities) have to be and achieve to be ‚Äù‚Ä¶ https://t.co/yfXZ5nxCJ7,60,Fox
360,0.6705,Sun Mar 18 21:53:04 +0000 2018,0.776,0.0,0.224,"@amyngyn I never introduce myself. The focus is on content, not myself. Also I don‚Äôt feel like I need to justify my cred. :)",61,Fox
361,0.3818,Sun Mar 18 03:17:02 +0000 2018,0.698,0.0,0.302,Today I got kissed by a dingo. üíÅüèª‚Äç‚ôÄÔ∏è https://t.co/FDQsVw2anl,62,Fox
362,0.7569,Sat Mar 17 21:10:23 +0000 2018,0.481,0.0,0.519,"@Sareh88 Thank you, Sareh! That‚Äôs very kind. ‚ù§Ô∏è",63,Fox
363,0.7096,Sat Mar 17 08:20:32 +0000 2018,0.742,0.0,0.258,@meelijane https://t.co/Y5wM3nCdsH in Northcote. I‚Äôve tested many and this one is orders of magnitude better than everywhere else. :),64,Fox
364,0.765,Sat Mar 17 07:02:55 +0000 2018,0.761,0.0,0.239,One of many reasons why I love my yoga studio so much is how meditative the practice is and how all the instructors‚Ä¶ https://t.co/VXfSqdo6bk,65,Fox
365,-0.34,Sat Mar 17 06:59:15 +0000 2018,0.473,0.345,0.182,"@IvanaMcConnell I can only help ruin your bank account further, sorry. üòÇ",66,Fox
366,0.1646,Sat Mar 17 06:58:49 +0000 2018,0.711,0.134,0.156,"RT @slamup: people love to say

     no child is born 
     with hate in their heart

which is all very
romantic

but from the moment
a bla‚Ä¶",67,Fox
367,0.4588,Sat Mar 17 04:44:27 +0000 2018,0.769,0.0,0.231,"@evanderkoogh Nope, we are at full capacity of the venue. :)",68,Fox
368,0.6114,Sat Mar 17 04:43:03 +0000 2018,0.84,0.0,0.16,"RT @cssconfau: Come and celebrate with us at pre CSSConf and JSConf AU community social!

üìÖ Monday, March 19, 6pm onwards
üìçStomping Ground‚Ä¶",69,Fox
369,0.5106,Sat Mar 17 03:16:57 +0000 2018,0.381,0.152,0.467,"@noahmp Heh, dang :) worth asking nonetheless.",70,Fox
370,0.0,Sat Mar 17 03:10:32 +0000 2018,1.0,0.0,0.0,@noahmp üëãüèª is this a SF-based role?,71,Fox
371,0.2263,Fri Mar 16 23:36:37 +0000 2018,0.913,0.0,0.087,RT @mbrockenbrough: Here's a point worth making every so often. The patriarchy isn't men. It's a system that prefers them. Wanting to disma‚Ä¶,72,Fox
372,0.4199,Fri Mar 16 23:36:24 +0000 2018,0.782,0.0,0.218,@madalynrose Thank you so much ‚ò∫Ô∏è looking forward to meeting you! üå∫,73,Fox
373,0.7835,Fri Mar 16 23:27:46 +0000 2018,0.537,0.0,0.463,"@andymcmillan Thanks, Andy! You are an inspiration for me too! üíô",74,Fox
374,0.7345,Fri Mar 16 23:27:14 +0000 2018,0.64,0.0,0.36,@evanderkoogh Hey Erwin! Thanks so much. We can chat during the events. :),75,Fox
375,-0.3597,Fri Mar 16 23:11:30 +0000 2018,0.782,0.14,0.078,I don‚Äôt know what or who I‚Äôm most disappointed with to allow community work put my career in the background (again)‚Ä¶ https://t.co/khOCa8rLHV,76,Fox
376,0.0,Fri Mar 16 23:09:07 +0000 2018,1.0,0.0,0.0,This time was supposed to be split between the conference and product work that would set me up for looking for a j‚Ä¶ https://t.co/mOoFPPnV5w,77,Fox
377,0.0,Fri Mar 16 23:07:25 +0000 2018,1.0,0.0,0.0,"Over the last 6+ months, I‚Äôve sacrificed all the time I had to run CSSConf and JSConf AU. I‚Äôve set the highest stan‚Ä¶ https://t.co/QRvns2lJs8",78,Fox
378,-0.818,Fri Mar 16 23:00:59 +0000 2018,0.679,0.321,0.0,"RT @katebevan: LAYDEEZ!!!! Worried that VPNs are too hard for your fluffy ladybrain??? Never fear, a fuckwitted BroCo called @keepsafe is h‚Ä¶",79,Fox
379,0.4199,Fri Mar 16 22:40:18 +0000 2018,0.417,0.0,0.583,@sarah_edo thank you! üò≥,80,Fox
380,0.5719,Fri Mar 16 20:34:54 +0000 2018,0.829,0.0,0.171,I can‚Äôt wait to come back to lovey Portland and see what wonderful thing @andymcmillan and @waxpancake are preparin‚Ä¶ https://t.co/3rfz3ShOEU,81,Fox
381,0.2942,Fri Mar 16 04:01:44 +0000 2018,0.532,0.17,0.297,@jennwrites thank you! I miss you too üò≠‚ù§Ô∏è,82,Fox
382,0.0,Fri Mar 16 01:52:07 +0000 2018,1.0,0.0,0.0,"To the young woman wearing a ‚Äúthe future is female‚Äù tee:

The
Future
Is
Intersectional",83,Fox
383,0.7003,Fri Mar 16 01:33:25 +0000 2018,0.734,0.0,0.266,"Cannot agree with this more. I constantly get asked for free diversity, inclusion, community or general workplace a‚Ä¶ https://t.co/M9hOz6A980",84,Fox
384,0.0,Fri Mar 16 00:36:14 +0000 2018,1.0,0.0,0.0,"@pat @coryannj @kckal Oh, I have not seen it. Will register. üëçüèª",85,Fox
385,0.0,Thu Mar 15 23:44:49 +0000 2018,1.0,0.0,0.0,Four days to go. https://t.co/RYxiCmMEFp,86,Fox
386,0.0,Thu Mar 15 22:04:46 +0000 2018,1.0,0.0,0.0,"Ellen already had a lasting impact on diversity and inclusion spanning beyond the tech industry. 

I can‚Äôt wait to‚Ä¶ https://t.co/1QFSP6DHyQ",87,Fox
387,0.4574,Thu Mar 15 22:03:16 +0000 2018,0.824,0.0,0.176,@jordwalsh üëãüèª interesting! Would you be able to email me more details? hi at https://t.co/vah0lKcYeo. üì¨,88,Fox
388,0.0,Thu Mar 15 21:51:34 +0000 2018,1.0,0.0,0.0,My last two weeks were spent in email. Conference organiser life. https://t.co/h5hlszzyjv,89,Fox
389,0.0,Thu Mar 15 02:58:59 +0000 2018,1.0,0.0,0.0,This video with Jeff Goldblum is everything. https://t.co/vo5HSwuOUP,90,Fox
390,-0.6369,Thu Mar 15 00:17:24 +0000 2018,0.568,0.333,0.098,"Accepting talk proposals for conferences on a rolling basis: no no no no.

First come first serve doesn‚Äôt work for inclusion.",91,Fox
391,0.0,Thu Mar 15 00:05:26 +0000 2018,1.0,0.0,0.0,"If you are in Melbourne on Monday, March 19, we‚Äôre opening @cssconfau, @jsconfau and @decompressau with a Community‚Ä¶ https://t.co/OyPVisZXYn",92,Fox
392,-0.8625,Wed Mar 14 22:35:40 +0000 2018,0.317,0.683,0.0,Australia is racist as hell. https://t.co/EIRFzejhsi,93,Fox
393,0.0,Wed Mar 14 22:08:53 +0000 2018,1.0,0.0,0.0,"RT @sarahmei: üì¢ PSA: when you're building a diverse team, you're looking for culture _add_, not culture _fit_. Hire people who bring a pers‚Ä¶",94,Fox
394,0.6976,Wed Mar 14 21:32:48 +0000 2018,0.747,0.0,0.253,RT @piamancini: ok I need help. I really really want to hire a kickass developer who also happens to be a woman (backend pref.) What are th‚Ä¶,95,Fox
395,0.3802,Wed Mar 14 21:32:37 +0000 2018,0.67,0.107,0.223,"@piamancini Hey Pia! Thanks for reaching out üëãüèª Unfortunately, software engineering isn‚Äôt my background; I‚Äôm a FE d‚Ä¶ https://t.co/1IEwNKyc9q",96,Fox
396,-0.296,Wed Mar 14 09:43:21 +0000 2018,0.896,0.104,0.0,"RT @EricaJoy: üì¢ PSA: There are no ""diverse"" applicants
People aren't diverse, teams are
You're not hiring a diverse person, you're building‚Ä¶",97,Fox
397,0.4215,Wed Mar 14 00:14:03 +0000 2018,0.896,0.0,0.104,"RT @SashaLaundy: What I keep telling myself this week: 
üëâüèª In work, a new thing I don't know how to do means progress. 
üëâüèª In the gym, a ha‚Ä¶",98,Fox
398,-0.2263,Tue Mar 13 21:56:19 +0000 2018,0.821,0.113,0.067,"No underrepresented groups want to thrive and partake in exclusionary platform StackOverflow is.

Tweet your hot ta‚Ä¶ https://t.co/xfKjCfUtwJ",99,Fox
399,-0.4404,Tue Mar 13 21:53:43 +0000 2018,0.508,0.492,0.0,@erikalleigh I just block them. üòé,100,Fox
400,-0.5574,Sat Mar 24 03:47:03 +0000 2018,0.746,0.194,0.06,"RT @nytclimate: The loss of sea ice is a bellwether of global warming, suggesting that climate change is not just something to worry about‚Ä¶",1,nytimes
401,0.0,Sat Mar 24 03:43:42 +0000 2018,1.0,0.0,0.0,Elon Musk Joins #DeleteFacebook With a Barrage of Tweets https://t.co/au3PLZQyTw,2,nytimes
402,-0.6597,Sat Mar 24 03:34:16 +0000 2018,0.614,0.386,0.0,Vietnam '67: The Tragedy of Hubert Humphrey https://t.co/iZCCJ16XAc,3,nytimes
403,0.6808,Sat Mar 24 03:32:02 +0000 2018,0.65,0.081,0.268,"Math ‚Äúconstitutes the language through which alone we can adequately express the great facts of the natural world,‚Äù‚Ä¶ https://t.co/83Ug5Ql4Gh",4,nytimes
404,0.0,Sat Mar 24 03:17:04 +0000 2018,1.0,0.0,0.0,"RT @nytpolitics: In an NYT interview in 2002, John Bolton was asked about the Bush administration's stance on North Korea. He grabbed a nea‚Ä¶",5,nytimes
405,0.0258,Sat Mar 24 03:05:06 +0000 2018,0.667,0.164,0.169,RT @NYTSports: Kansas survived a late scare from Clemson to advance to the regional final.  https://t.co/WY4CDmv5t2,6,nytimes
406,-0.3612,Sat Mar 24 03:02:03 +0000 2018,0.848,0.152,0.0,"‚ÄúPeople say, write what you know, but it‚Äôs really, write about what obsesses you.‚Äù https://t.co/C2Yv7H5h2u",7,nytimes
407,0.0,Sat Mar 24 02:52:19 +0000 2018,1.0,0.0,0.0,"RT @NYTSports: Once West Virginia's leading scorer fouled out with 15 minutes left, top-seeded Villanova pulled away to advance to the East‚Ä¶",8,nytimes
408,0.5859,Sat Mar 24 02:47:03 +0000 2018,0.789,0.0,0.211,Here's how to create your own support system when you don't have a spouse or kids to fall back on https://t.co/vLckifnXWU,9,nytimes
409,0.0,Sat Mar 24 02:32:02 +0000 2018,1.0,0.0,0.0,Can coffee rev up your workout? It may depend on your genes. https://t.co/ay3k3UI71Q,10,nytimes
410,0.3612,Sat Mar 24 02:17:03 +0000 2018,0.898,0.0,0.102,"RT @julieturkewitz: ‚ÄúIt‚Äôs going to look like millions and millions of people,‚Äù said Rebecca Schneid, 16, who is the editor of the newspaper‚Ä¶",11,nytimes
411,0.0,Sat Mar 24 02:02:15 +0000 2018,1.0,0.0,0.0,"""Hamilton,"" ""Frozen"" and many Broadway shows all rehearse in one building in New York City. We take you behind the‚Ä¶ https://t.co/DnTc9rvb48",12,nytimes
412,-0.6486,Sat Mar 24 01:47:04 +0000 2018,0.815,0.185,0.0,4 members of an Iowa family who traveled to Mexico for vacation were found dead in a condominium. Officials said th‚Ä¶ https://t.co/YRRZEYdRhT,13,nytimes
413,0.8555,Sat Mar 24 01:32:04 +0000 2018,0.704,0.0,0.296,"Modern Love: ""I knew that when you find love, you jump in, almost involuntarily. You don‚Äôt sit on the edge negotiat‚Ä¶ https://t.co/euo96xgH1a",14,nytimes
414,0.5994,Sat Mar 24 01:17:04 +0000 2018,0.83,0.0,0.17,"RT @NYTObits: H. Wayne Huizenga, the entrepreneur who expanded Blockbuster video and AutoNation into vast enterprises and owned three South‚Ä¶",15,nytimes
415,0.0,Sat Mar 24 01:02:04 +0000 2018,1.0,0.0,0.0,Evening Briefing: Here's what you need to know at the end of the day https://t.co/ixJlyCMrwZ,16,nytimes
416,-0.0772,Sat Mar 24 00:47:03 +0000 2018,0.797,0.088,0.116,"If we want to stop global warming, global CO2 emissions need to fall. Last year, the world moved in the opposite di‚Ä¶ https://t.co/dFTWVWzWyO",17,nytimes
417,-0.5106,Sat Mar 24 00:32:03 +0000 2018,0.815,0.185,0.0,Over 800 protests for stricter gun laws are planned for Saturday in the U.S. and in countries around the world https://t.co/I2huudbHlb,18,nytimes
418,0.2023,Sat Mar 24 00:17:02 +0000 2018,0.694,0.122,0.184,"RT @nytopinion: The good thing about John Bolton, President Trump‚Äôs new national security adviser, is that he says what he thinks.The bad t‚Ä¶",19,nytimes
419,-0.3612,Sat Mar 24 00:02:04 +0000 2018,0.872,0.128,0.0,"Craigslist removed its personal ads, citing the recent passage of a bill aimed at fighting sex trafficking online https://t.co/DKMm4mmUw9",20,nytimes
420,-0.5574,Sat Mar 24 03:47:03 +0000 2018,0.746,0.194,0.06,"RT @nytclimate: The loss of sea ice is a bellwether of global warming, suggesting that climate change is not just something to worry about‚Ä¶",21,nytimes
421,0.0,Sat Mar 24 03:43:42 +0000 2018,1.0,0.0,0.0,Elon Musk Joins #DeleteFacebook With a Barrage of Tweets https://t.co/au3PLZQyTw,22,nytimes
422,-0.6597,Sat Mar 24 03:34:16 +0000 2018,0.614,0.386,0.0,Vietnam '67: The Tragedy of Hubert Humphrey https://t.co/iZCCJ16XAc,23,nytimes
423,0.6808,Sat Mar 24 03:32:02 +0000 2018,0.65,0.081,0.268,"Math ‚Äúconstitutes the language through which alone we can adequately express the great facts of the natural world,‚Äù‚Ä¶ https://t.co/83Ug5Ql4Gh",24,nytimes
424,0.0,Sat Mar 24 03:17:04 +0000 2018,1.0,0.0,0.0,"RT @nytpolitics: In an NYT interview in 2002, John Bolton was asked about the Bush administration's stance on North Korea. He grabbed a nea‚Ä¶",25,nytimes
425,0.0258,Sat Mar 24 03:05:06 +0000 2018,0.667,0.164,0.169,RT @NYTSports: Kansas survived a late scare from Clemson to advance to the regional final.  https://t.co/WY4CDmv5t2,26,nytimes
426,-0.3612,Sat Mar 24 03:02:03 +0000 2018,0.848,0.152,0.0,"‚ÄúPeople say, write what you know, but it‚Äôs really, write about what obsesses you.‚Äù https://t.co/C2Yv7H5h2u",27,nytimes
427,0.0,Sat Mar 24 02:52:19 +0000 2018,1.0,0.0,0.0,"RT @NYTSports: Once West Virginia's leading scorer fouled out with 15 minutes left, top-seeded Villanova pulled away to advance to the East‚Ä¶",28,nytimes
428,0.5859,Sat Mar 24 02:47:03 +0000 2018,0.789,0.0,0.211,Here's how to create your own support system when you don't have a spouse or kids to fall back on https://t.co/vLckifnXWU,29,nytimes
429,0.0,Sat Mar 24 02:32:02 +0000 2018,1.0,0.0,0.0,Can coffee rev up your workout? It may depend on your genes. https://t.co/ay3k3UI71Q,30,nytimes
430,0.3612,Sat Mar 24 02:17:03 +0000 2018,0.898,0.0,0.102,"RT @julieturkewitz: ‚ÄúIt‚Äôs going to look like millions and millions of people,‚Äù said Rebecca Schneid, 16, who is the editor of the newspaper‚Ä¶",31,nytimes
431,0.0,Sat Mar 24 02:02:15 +0000 2018,1.0,0.0,0.0,"""Hamilton,"" ""Frozen"" and many Broadway shows all rehearse in one building in New York City. We take you behind the‚Ä¶ https://t.co/DnTc9rvb48",32,nytimes
432,-0.6486,Sat Mar 24 01:47:04 +0000 2018,0.815,0.185,0.0,4 members of an Iowa family who traveled to Mexico for vacation were found dead in a condominium. Officials said th‚Ä¶ https://t.co/YRRZEYdRhT,33,nytimes
433,0.8555,Sat Mar 24 01:32:04 +0000 2018,0.704,0.0,0.296,"Modern Love: ""I knew that when you find love, you jump in, almost involuntarily. You don‚Äôt sit on the edge negotiat‚Ä¶ https://t.co/euo96xgH1a",34,nytimes
434,0.5994,Sat Mar 24 01:17:04 +0000 2018,0.83,0.0,0.17,"RT @NYTObits: H. Wayne Huizenga, the entrepreneur who expanded Blockbuster video and AutoNation into vast enterprises and owned three South‚Ä¶",35,nytimes
435,0.0,Sat Mar 24 01:02:04 +0000 2018,1.0,0.0,0.0,Evening Briefing: Here's what you need to know at the end of the day https://t.co/ixJlyCMrwZ,36,nytimes
436,-0.0772,Sat Mar 24 00:47:03 +0000 2018,0.797,0.088,0.116,"If we want to stop global warming, global CO2 emissions need to fall. Last year, the world moved in the opposite di‚Ä¶ https://t.co/dFTWVWzWyO",37,nytimes
437,-0.5106,Sat Mar 24 00:32:03 +0000 2018,0.815,0.185,0.0,Over 800 protests for stricter gun laws are planned for Saturday in the U.S. and in countries around the world https://t.co/I2huudbHlb,38,nytimes
438,0.2023,Sat Mar 24 00:17:02 +0000 2018,0.694,0.122,0.184,"RT @nytopinion: The good thing about John Bolton, President Trump‚Äôs new national security adviser, is that he says what he thinks.The bad t‚Ä¶",39,nytimes
439,-0.3612,Sat Mar 24 00:02:04 +0000 2018,0.872,0.128,0.0,"Craigslist removed its personal ads, citing the recent passage of a bill aimed at fighting sex trafficking online https://t.co/DKMm4mmUw9",40,nytimes
440,0.0,Fri Mar 23 23:47:04 +0000 2018,1.0,0.0,0.0,"Season 6 of ""The Americans"" arrives on Wednesday. Here's where we left off. https://t.co/hyiJcU2MAF",41,nytimes
441,0.0,Fri Mar 23 23:32:02 +0000 2018,1.0,0.0,0.0,"In 1843, a 27-year-old Ada Lovelace imagined the modern-day, general-purpose computer. She is now recognized as the‚Ä¶ https://t.co/w1Ei8Rf3HO",42,nytimes
442,-0.7351,Fri Mar 23 23:17:02 +0000 2018,0.772,0.228,0.0,RT @daiwaka: Here's an inside look at Uber's self-driving car ops in Phoenix before Sunday's fatal crash: the company moved from two people‚Ä¶,43,nytimes
443,-0.6705,Fri Mar 23 23:02:04 +0000 2018,0.579,0.297,0.124,"""I Kill Giants"" is an intimate story about a troubled 12-year-old who‚Äôs on a mission to save her town https://t.co/pkNXqUF0Pa",44,nytimes
444,0.0,Fri Mar 23 22:47:01 +0000 2018,1.0,0.0,0.0,Evening Briefing: Here's what you need to know at the end of the day https://t.co/4opSmJxhMU,45,nytimes
445,-0.4767,Fri Mar 23 22:32:06 +0000 2018,0.769,0.158,0.073,The U.S. and China are waging a cold war for global dominance in the tech industry. This week's tariffs duel height‚Ä¶ https://t.co/5f4qMQCMoL,46,nytimes
446,0.8126,Fri Mar 23 22:17:05 +0000 2018,0.72,0.0,0.28,"RT @ronlieber: Every year, I collect the best college application essays I can find about money, work, social class, wealth and/or its abse‚Ä¶",47,nytimes
447,-0.34,Fri Mar 23 22:02:03 +0000 2018,0.728,0.17,0.102,Internal documents show Uber‚Äôs self-driving car project wasn‚Äôt living up to expectations well before a fatal crash‚Ä¶ https://t.co/I4O5nMqCRO,48,nytimes
448,0.25,Fri Mar 23 21:47:09 +0000 2018,0.756,0.101,0.143,The Justice Dept. has proposed banning so-called bump stocks for guns. The move comes a day before nationwide gun c‚Ä¶ https://t.co/JiNfNeAARl,49,nytimes
449,0.0,Fri Mar 23 21:32:04 +0000 2018,1.0,0.0,0.0,"Elon Musk joined #DeleteFacebook by deleting the Facebook pages of 2 of his companies, Tesla and SpaceX https://t.co/BJYpNw6JWG",50,nytimes
450,-0.2023,Fri Mar 23 21:14:00 +0000 2018,0.684,0.197,0.12,Women have spoken. Men have fallen. Corporations are nervous. But are American workplaces making real progress in c‚Ä¶ https://t.co/Q5FipZZsCD,51,nytimes
451,0.0,Fri Mar 23 21:03:05 +0000 2018,1.0,0.0,0.0,RT @jodikantor: I've spent the last couple of weeks bearing down on what's changing-- and what's really stuck-- about how we deal with sexu‚Ä¶,52,nytimes
452,0.0,Fri Mar 23 20:50:52 +0000 2018,1.0,0.0,0.0,"Sofie Whitney, a senior at Stoneman Douglas, and the other organizers of the March for Our Lives, have concrete aim‚Ä¶ https://t.co/yoHFhn3YUx",53,nytimes
453,-0.6705,Fri Mar 23 20:47:00 +0000 2018,0.816,0.184,0.0,"Reema Samaha was 18 when she was killed in the 2007 shooting at Virginia Tech University. Her father, Joseph, says‚Ä¶ https://t.co/BDD9YIUKYJ",54,nytimes
454,-0.6705,Fri Mar 23 20:44:13 +0000 2018,0.83,0.17,0.0,Cody Thunder was 15 in 2005 when a classmate killed 5 students at Red Lake Senior High School. He was shot in the h‚Ä¶ https://t.co/31wbbmiwRF,55,nytimes
455,-0.6705,Fri Mar 23 20:40:00 +0000 2018,0.809,0.191,0.0,"Jolanda Arnold will be marching in Washington on Saturday, the city where her husband, Michael, was killed in a 201‚Ä¶ https://t.co/pfKJqIel21",56,nytimes
456,0.5106,Fri Mar 23 20:36:57 +0000 2018,0.837,0.0,0.163,"Melissa Strassner survived the school shooting at Columbine High School. 

‚ÄúSince Parkland, my boxing gloves are ba‚Ä¶ https://t.co/0LJBcVeuPI",57,nytimes
457,-0.1531,Fri Mar 23 20:35:04 +0000 2018,0.929,0.071,0.0,We spoke to survivors of mass shootings and others affected by them. They say the students in Parkland have given t‚Ä¶ https://t.co/XaLG3oJq46,58,nytimes
458,0.5584,Fri Mar 23 20:15:06 +0000 2018,0.752,0.0,0.248,"Rebuffing Trump, Congress saved the NEA and NEH again. In fact, both endowments slightly increased. https://t.co/y1XActfG6l",59,nytimes
459,0.0,Fri Mar 23 20:00:14 +0000 2018,1.0,0.0,0.0,"A century before the dawn of the computer age, 27-year-old Ada Lovelace wrote the first computer program https://t.co/GXSMzGTbjx",60,nytimes
460,-0.4767,Fri Mar 23 19:45:17 +0000 2018,0.871,0.129,0.0,"Even when children grow up next to each other with parents who earn similar incomes, black boys fare worse than whi‚Ä¶ https://t.co/FCQrjZEJNM",61,nytimes
461,0.5859,Fri Mar 23 19:30:13 +0000 2018,0.84,0.0,0.16,Vladimir Putin was elected to a fourth term on Sunday. What percentage of the vote did he win? Take our quiz. https://t.co/czSrm4X5WN,62,nytimes
462,-0.3818,Fri Mar 23 19:19:04 +0000 2018,0.843,0.157,0.0,"In a tit-for-tat trade battle with the U.S., China‚Äôs response has so far been restrained https://t.co/mXuGUssWn3",63,nytimes
463,0.3434,Fri Mar 23 19:04:28 +0000 2018,0.734,0.1,0.165,"Many counties, including rich ones, are aging and experiencing more deaths than births, without growth through immi‚Ä¶ https://t.co/VmkEWGa92M",64,nytimes
464,-0.7096,Fri Mar 23 18:45:09 +0000 2018,0.718,0.282,0.0,"After another week of chaos, Trump heads to Palm Beach. No one knows what comes next. https://t.co/CUGY3gwPpC",65,nytimes
465,-0.4588,Fri Mar 23 18:35:00 +0000 2018,0.812,0.188,0.0,"@nytopinion @NickKristof In @NYTOpinion, 

Op-Ed Columnist @NickKristof writes, ""To finally defeat extreme poverty,‚Ä¶ https://t.co/pWs1bIBEjC",66,nytimes
466,-0.1027,Fri Mar 23 18:30:06 +0000 2018,0.931,0.069,0.0,We've been following your discussions on racial and religious bias in news coverage. Our journalists are open to yo‚Ä¶ https://t.co/hUYXo9q3sa,67,nytimes
467,-0.743,Fri Mar 23 18:20:05 +0000 2018,0.717,0.283,0.0,A 16-year-old girl critically injured in a shooting at a Maryland high school died after being taken off life suppo‚Ä¶ https://t.co/mEOh5bSuoy,68,nytimes
468,-0.743,Fri Mar 23 18:05:03 +0000 2018,0.704,0.296,0.0,"In @NYTOpinion, 

Op-Ed Columnist @NickKristof writes, ""To finally defeat extreme poverty, we have to tackle confli‚Ä¶ https://t.co/0ayeiQDH46",69,nytimes
469,0.6369,Fri Mar 23 17:50:10 +0000 2018,0.781,0.0,0.219,"Modern Love: If I couldn‚Äôt find Mr. Right, what about Mr. Quasi-Right augmented by a few others? https://t.co/kMfq4a68mR",70,nytimes
470,-0.5267,Fri Mar 23 17:35:43 +0000 2018,0.833,0.167,0.0,"Breaking News: President Trump signed the spending bill, averting a shutdown, hours after threatening to veto it. B‚Ä¶ https://t.co/IGRRQcvIXZ",71,nytimes
471,-0.6369,Fri Mar 23 17:25:27 +0000 2018,0.811,0.189,0.0,"The Sacramento Kings owner expressed his ‚Äúdeepest sympathies‚Äù to the family of Stephon Clark, who was fatally shot‚Ä¶ https://t.co/6ILZMJITR4",72,nytimes
472,0.0,Fri Mar 23 17:10:09 +0000 2018,1.0,0.0,0.0,"Iraq: 7 minutes
Jordan: 9 minutes
Romania: 12 minutes
Norway: 46 minutes
Afghanistan: 47 minutes
Sweden: 51 minutes
https://t.co/5FZtVaJwbS",73,nytimes
473,-0.8934,Fri Mar 23 16:55:08 +0000 2018,0.614,0.386,0.0,Anger over the murders of a reporter and his fianc√©e forced Slovakia's prime minister and other officials to step d‚Ä¶ https://t.co/c0sovP7t5F,74,nytimes
474,-0.34,Fri Mar 23 16:42:18 +0000 2018,0.888,0.112,0.0,"In the 6 months since Harvey, The New York Times followed several families as they struggled to rebuild their lives‚Ä¶ https://t.co/z5tbaUGWJj",75,nytimes
475,0.0,Fri Mar 23 16:40:07 +0000 2018,1.0,0.0,0.0,A new economy has arisen in the suburbs of Houston battered by Hurricane Harvey: the buying and selling of flooded‚Ä¶ https://t.co/WO68ktL3aX,76,nytimes
476,0.4215,Fri Mar 23 16:24:40 +0000 2018,0.833,0.0,0.167,"Around every corner and in every elevator, you‚Äôll find established and burgeoning talent https://t.co/6hTuQzdPgD https://t.co/UqgFNEv9Pc",77,nytimes
477,0.0,Fri Mar 23 16:23:46 +0000 2018,1.0,0.0,0.0,And watched Aaron Burr practice in the room where it happens https://t.co/6hTuQzdPgD https://t.co/iGplOjFPWW,78,nytimes
478,0.0,Fri Mar 23 16:22:14 +0000 2018,1.0,0.0,0.0,We met Elsa and Anna as they took a break for homework https://t.co/6hTuQzdPgD https://t.co/G9HguVLA8G,79,nytimes
479,0.4588,Fri Mar 23 16:20:15 +0000 2018,0.85,0.0,0.15,"Welcome to the New 42nd Street Studios, where some of Broadway‚Äôs biggest shows ‚Äî including ‚ÄúFrozen‚Äù and ‚ÄúHamilton‚Äù‚Ä¶ https://t.co/jOqoqf30CT",80,nytimes
480,-0.6705,Fri Mar 23 16:10:13 +0000 2018,0.824,0.176,0.0,"An armed man who killed 3 people in a supermarket in France, claiming to be acting on behalf of ISIS, was shot dead‚Ä¶ https://t.co/sG7DPvbvNy",81,nytimes
481,0.0,Fri Mar 23 15:55:06 +0000 2018,1.0,0.0,0.0,Make Mark Bittman's spaghetti pie https://t.co/Fhdf0K8Pxa https://t.co/8Dbk2jAgSI,82,nytimes
482,0.34,Fri Mar 23 15:40:06 +0000 2018,0.876,0.0,0.124,"A PAC led by John Bolton, the next national security adviser, hired Cambridge Analytica for voter profiling, knowin‚Ä¶ https://t.co/bGnWNkattz",83,nytimes
483,0.3182,Fri Mar 23 15:25:34 +0000 2018,0.859,0.0,0.141,"40% of Americans were obese in 2015 and 2016, a sharp increase from a decade earlier https://t.co/v3o9efVw4n",84,nytimes
484,-0.296,Fri Mar 23 15:11:43 +0000 2018,0.804,0.196,0.0,RT @karenyourish: All the major Trump firings and resignations: https://t.co/I6fxKB6cLA,85,nytimes
485,-0.5106,Fri Mar 23 15:00:08 +0000 2018,0.815,0.185,0.0,Over 800 protests for stricter gun laws are planned for Saturday in the U.S. and in countries around the world https://t.co/O1xXOykGfJ,86,nytimes
486,0.3832,Fri Mar 23 14:45:02 +0000 2018,0.701,0.088,0.21,John Bolton's ascension to national security adviser creates the most aggressive foreign policy team around the Ame‚Ä¶ https://t.co/GuRHYWI7QW,87,nytimes
487,0.0,Fri Mar 23 14:31:04 +0000 2018,1.0,0.0,0.0,Blue passports were meant to be a symbol of post-Brexit Britain. They're coming ‚Äî but they'll be coming from France. https://t.co/UEHSqF3Wod,88,nytimes
488,0.3612,Fri Mar 23 14:15:09 +0000 2018,0.737,0.0,0.263,10 new books we recommend this week https://t.co/95z0PxQkho,89,nytimes
489,0.0,Fri Mar 23 13:59:03 +0000 2018,1.0,0.0,0.0,"John Bolton's political committee was one of the earliest customers of Cambridge Analytica, which it hired specific‚Ä¶ https://t.co/uuD7rKh4EI",90,nytimes
490,0.7096,Fri Mar 23 13:45:04 +0000 2018,0.742,0.0,0.258,"RT @nytimesworld: Intellectual property, which underpins technology and innovation, has become the latest point of contention in global tra‚Ä¶",91,nytimes
491,-0.5267,Fri Mar 23 13:30:15 +0000 2018,0.833,0.167,0.0,Breaking News: President Trump said he may veto the spending bill because it neglected his immigration priorities.‚Ä¶ https://t.co/qWxvnylMZg,92,nytimes
492,0.0,Fri Mar 23 13:29:04 +0000 2018,1.0,0.0,0.0,"""This is just what America needs: The thrilla in vanilla,"" Seth Meyers said. Our late-night roundup: https://t.co/VCswTaUg9Q",93,nytimes
493,-0.34,Fri Mar 23 13:08:42 +0000 2018,0.893,0.107,0.0,"Breaking News: An armed man opened fire and took hostages in a supermarket in France, claiming to be acting on beha‚Ä¶ https://t.co/29pCnZYCbv",94,nytimes
494,0.0,Fri Mar 23 13:00:31 +0000 2018,1.0,0.0,0.0,Morning Briefing: Here's what you need to know to start your day https://t.co/yJwtr8lLUt https://t.co/nn0hbhEVq8,95,nytimes
495,0.0,Fri Mar 23 12:51:19 +0000 2018,1.0,0.0,0.0,"""Hamilton,"" ""Frozen"" and many Broadway shows all rehearse in one building in New York City. We take you behind the‚Ä¶ https://t.co/KM7CVBp62M",96,nytimes
496,-0.836,Fri Mar 23 12:41:03 +0000 2018,0.643,0.357,0.0,A firefighter was killed and two others were seriously injured by a blaze at a Harlem building being used as a movi‚Ä¶ https://t.co/Rgr6LDzv1c,97,nytimes
497,-0.6908,Fri Mar 23 12:35:00 +0000 2018,0.802,0.198,0.0,"""All of the information we have at the moment suggests that this is a terrorist attack,"" the French prime minister‚Ä¶ https://t.co/U8vxwaymSY",98,nytimes
498,-0.5994,Fri Mar 23 12:30:02 +0000 2018,0.549,0.329,0.122,European leaders issued a relatively tough statement effectively blaming Moscow for the nerve agent attack on a for‚Ä¶ https://t.co/CQsSK3XD8b,99,nytimes
499,0.0,Fri Mar 23 12:20:05 +0000 2018,1.0,0.0,0.0,"In an NYT interview in 2002, John Bolton was asked about the Bush administration's stance on North Korea. He grabbe‚Ä¶ https://t.co/ztoVgBJmcV",100,nytimes
